102007, 1250, 碧云, 浦东
80173, 740, 碧云, 浦东
95128, 4050, 碧云, 浦东
91140, 430, 碧云, 浦东
76009, 730, 碧云, 浦东
78473, 798, 碧云, 浦东
87620, 1250, 碧云, 浦东
94526, 1100, 碧云, 浦东
88149, 3200, 碧云, 浦东
97142, 680, 碧云, 浦东
83298, 800, 碧云, 浦东
87596, 1250, 碧云, 浦东
66469, 450, 碧云, 浦东
103734, 750, 碧云, 浦东
97359, 730, 碧云, 浦东
65706, 438, 碧云, 浦东
77978, 415, 碧云, 浦东
106444, 740, 碧云, 浦东
66869, 680, 碧云, 浦东
79984, 1650, 碧云, 浦东
85247, 1080, 碧云, 浦东
111340, 1080, 碧云, 浦东
88577, 860, 碧云, 浦东
84774, 1230, 碧云, 浦东
88241, 1230, 碧云, 浦东
74168, 1100, 碧云, 浦东
81912, 4500, 碧云, 浦东
78955, 520, 碧云, 浦东
88432, 1250, 碧云, 浦东
95068, 1280, 碧云, 浦东
36051, 340, 曹路, 浦东
59853, 540, 曹路, 浦东
47325, 430, 曹路, 浦东
42383, 510, 曹路, 浦东
44017, 305, 曹路, 浦东
34504, 275, 曹路, 浦东
41082, 340, 曹路, 浦东
36240, 320, 曹路, 浦东
31963, 350, 曹路, 浦东
49483, 460, 曹路, 浦东
40212, 340, 曹路, 浦东
43162, 375, 曹路, 浦东
42283, 320, 曹路, 浦东
42253, 300, 曹路, 浦东
54687, 350, 曹路, 浦东
48879, 242, 曹路, 浦东
38314, 220, 曹路, 浦东
44592, 395, 曹路, 浦东
38887, 295, 曹路, 浦东
45291, 315, 曹路, 浦东
43791, 310, 曹路, 浦东
43209, 350, 曹路, 浦东
44548, 360, 曹路, 浦东
41687, 329, 曹路, 浦东
45207, 400, 曹路, 浦东
46917, 325, 曹路, 浦东
44460, 313, 曹路, 浦东
45648, 235, 曹路, 浦东
45558, 459, 曹路, 浦东
44201, 340, 曹路, 浦东
41483, 340, 川沙, 浦东
38611, 278, 川沙, 浦东
41979, 375, 川沙, 浦东
34482, 280, 川沙, 浦东
37151, 410, 川沙, 浦东
39104, 262, 川沙, 浦东
38831, 440, 川沙, 浦东
39854, 350, 川沙, 浦东
50942, 308, 川沙, 浦东
52361, 530, 川沙, 浦东
41155, 265, 川沙, 浦东
60714, 680, 川沙, 浦东
48604, 430, 川沙, 浦东
51308, 196, 川沙, 浦东
59516, 475, 川沙, 浦东
38219, 730, 川沙, 浦东
43052, 330, 川沙, 浦东
40199, 435, 川沙, 浦东
40046, 308, 川沙, 浦东
39842, 375, 川沙, 浦东
38098, 335, 川沙, 浦东
39830, 300, 川沙, 浦东
43056, 253, 川沙, 浦东
41216, 305, 川沙, 浦东
47138, 285, 川沙, 浦东
37937, 295, 川沙, 浦东
40408, 305, 川沙, 浦东
40632, 360, 川沙, 浦东
41424, 420, 川沙, 浦东
40048, 265, 川沙, 浦东
19605, 200, 大团镇, 浦东
24782, 228, 大团镇, 浦东
22789, 200, 大团镇, 浦东
26136, 230, 大团镇, 浦东
24659, 228, 大团镇, 浦东
21230, 138, 大团镇, 浦东
20634, 260, 大团镇, 浦东
17338, 105, 大团镇, 浦东
20288, 170, 大团镇, 浦东
20288, 170, 大团镇, 浦东
17799, 220, 大团镇, 浦东
20218, 196, 大团镇, 浦东
24707, 220, 大团镇, 浦东
17346, 210, 大团镇, 浦东
20000, 190, 大团镇, 浦东
31125, 470, 大团镇, 浦东
25000, 220, 大团镇, 浦东
24719, 220, 大团镇, 浦东
15893, 170, 大团镇, 浦东
23863, 210, 大团镇, 浦东
17433, 250, 大团镇, 浦东
17054, 220, 大团镇, 浦东
24875, 230, 大团镇, 浦东
27328, 240, 大团镇, 浦东
29545, 260, 大团镇, 浦东
28104, 318, 大团镇, 浦东
21150, 265, 大团镇, 浦东
30837, 350, 大团镇, 浦东
31776, 370, 大团镇, 浦东
23928, 210, 大团镇, 浦东
41166, 305, 高东, 浦东
44130, 250, 高东, 浦东
65867, 1050, 高东, 浦东
39425, 310, 高东, 浦东
46580, 252, 高东, 浦东
33921, 275, 高东, 浦东
38073, 249, 高东, 浦东
39411, 335, 高东, 浦东
43263, 245, 高东, 浦东
40140, 172, 高东, 浦东
35883, 250, 高东, 浦东
66351, 785, 高东, 浦东
46485, 252, 高东, 浦东
62543, 990, 高东, 浦东
62988, 1000, 高东, 浦东
47235, 375, 高东, 浦东
34562, 285, 高东, 浦东
36368, 300, 高东, 浦东
41907, 275, 高东, 浦东
41780, 230, 高东, 浦东
40708, 308, 高东, 浦东
38823, 330, 高东, 浦东
42007, 180, 高东, 浦东
45370, 245, 高东, 浦东
45161, 420, 高东, 浦东
49729, 368, 高东, 浦东
46673, 435, 高东, 浦东
37809, 290, 高东, 浦东
42279, 270, 高东, 浦东
45049, 248, 高东, 浦东
46774, 269, 高行, 浦东
57110, 600, 高行, 浦东
45380, 420, 高行, 浦东
49403, 410, 高行, 浦东
54388, 580, 高行, 浦东
50314, 360, 高行, 浦东
52647, 520, 高行, 浦东
51288, 810, 高行, 浦东
59578, 580, 高行, 浦东
50719, 525, 高行, 浦东
48705, 365, 高行, 浦东
46272, 360, 高行, 浦东
59751, 250, 高行, 浦东
63472, 575, 高行, 浦东
48474, 340, 高行, 浦东
58620, 850, 高行, 浦东
59852, 575, 高行, 浦东
49096, 470, 高行, 浦东
52542, 620, 高行, 浦东
56662, 310, 高行, 浦东
70000, 2100, 高行, 浦东
42536, 330, 高行, 浦东
61010, 635, 高行, 浦东
51728, 615, 高行, 浦东
51578, 490, 高行, 浦东
45465, 370, 高行, 浦东
49986, 360, 高行, 浦东
55839, 580, 高行, 浦东
47863, 420, 高行, 浦东
47898, 580, 高行, 浦东
92219, 480, 花木, 浦东
79470, 300, 花木, 浦东
97154, 2066, 花木, 浦东
72380, 608, 花木, 浦东
60839, 410, 花木, 浦东
91960, 350, 花木, 浦东
72062, 520, 花木, 浦东
91207, 500, 花木, 浦东
74489, 690, 花木, 浦东
92426, 620, 花木, 浦东
83554, 315, 花木, 浦东
83277, 620, 花木, 浦东
99689, 1800, 花木, 浦东
110231, 780, 花木, 浦东
83203, 320, 花木, 浦东
84232, 328, 花木, 浦东
48169, 300, 花木, 浦东
85261, 350, 花木, 浦东
103694, 480, 花木, 浦东
79977, 850, 花木, 浦东
83569, 560, 花木, 浦东
90520, 720, 花木, 浦东
98543, 2300, 花木, 浦东
81934, 610, 花木, 浦东
75572, 508, 花木, 浦东
76543, 620, 花木, 浦东
87793, 625, 花木, 浦东
89662, 1700, 花木, 浦东
77529, 580, 花木, 浦东
90820, 1780, 花木, 浦东
31269, 295, 惠南, 浦东
34014, 293, 惠南, 浦东
24444, 110, 惠南, 浦东
33653, 350, 惠南, 浦东
30647, 175, 惠南, 浦东
31952, 310, 惠南, 浦东
30445, 175, 惠南, 浦东
32311, 195, 惠南, 浦东
38532, 210, 惠南, 浦东
32000, 200, 惠南, 浦东
30131, 245, 惠南, 浦东
28882, 265, 惠南, 浦东
32805, 205, 惠南, 浦东
31833, 162, 惠南, 浦东
32005, 290, 惠南, 浦东
29411, 200, 惠南, 浦东
32106, 171, 惠南, 浦东
30535, 425, 惠南, 浦东
32784, 285, 惠南, 浦东
34147, 400, 惠南, 浦东
33986, 210, 惠南, 浦东
30856, 245, 惠南, 浦东
31624, 248, 惠南, 浦东
42083, 610, 惠南, 浦东
30254, 305, 惠南, 浦东
30114, 262, 惠南, 浦东
29364, 290, 惠南, 浦东
31557, 385, 惠南, 浦东
30277, 250, 惠南, 浦东
35834, 320, 惠南, 浦东
35604, 220, 合庆, 浦东
36626, 215, 合庆, 浦东
35783, 297, 合庆, 浦东
32137, 240, 合庆, 浦东
33209, 294, 合庆, 浦东
34556, 305, 合庆, 浦东
32828, 295, 合庆, 浦东
53571, 450, 合庆, 浦东
35039, 180, 合庆, 浦东
25800, 265, 合庆, 浦东
36764, 210, 合庆, 浦东
38649, 190, 合庆, 浦东
54400, 680, 合庆, 浦东
56206, 710, 合庆, 浦东
31891, 275, 合庆, 浦东
33337, 240, 合庆, 浦东
42379, 208, 合庆, 浦东
28030, 370, 合庆, 浦东
26218, 390, 合庆, 浦东
27352, 372, 合庆, 浦东
40643, 235, 合庆, 浦东
36478, 220, 合庆, 浦东
37075, 215, 合庆, 浦东
38232, 225, 合庆, 浦东
34364, 210, 合庆, 浦东
31948, 230, 合庆, 浦东
34769, 280, 合庆, 浦东
40447, 235, 合庆, 浦东
30106, 265, 合庆, 浦东
36638, 218, 合庆, 浦东
29176, 248, 航头, 浦东
47223, 250, 航头, 浦东
42416, 330, 航头, 浦东
38332, 229, 航头, 浦东
34356, 263, 航头, 浦东
36096, 243, 航头, 浦东
34454, 290, 航头, 浦东
36961, 200, 航头, 浦东
30227, 255, 航头, 浦东
37970, 315, 航头, 浦东
34473, 262, 航头, 浦东
38596, 220, 航头, 浦东
29629, 240, 航头, 浦东
36842, 210, 航头, 浦东
32599, 330, 航头, 浦东
34568, 265, 航头, 浦东
37931, 220, 航头, 浦东
34547, 185, 航头, 浦东
34805, 268, 航头, 浦东
38266, 287, 航头, 浦东
29411, 250, 航头, 浦东
36207, 270, 航头, 浦东
35004, 280, 航头, 浦东
40126, 229, 航头, 浦东
26391, 230, 航头, 浦东
33510, 265, 航头, 浦东
30821, 360, 航头, 浦东
30012, 300, 航头, 浦东
36393, 245, 航头, 浦东
35000, 280, 航头, 浦东
58213, 365, 金桥, 浦东
59326, 375, 金桥, 浦东
58185, 252, 金桥, 浦东
50990, 515, 金桥, 浦东
65021, 730, 金桥, 浦东
53315, 570, 金桥, 浦东
54162, 365, 金桥, 浦东
52582, 335, 金桥, 浦东
55749, 560, 金桥, 浦东
55172, 320, 金桥, 浦东
76645, 680, 金桥, 浦东
72674, 625, 金桥, 浦东
66712, 680, 金桥, 浦东
51606, 310, 金桥, 浦东
56042, 550, 金桥, 浦东
63157, 600, 金桥, 浦东
55651, 385, 金桥, 浦东
59919, 820, 金桥, 浦东
51276, 245, 金桥, 浦东
58768, 750, 金桥, 浦东
45582, 325, 金桥, 浦东
55118, 210, 金桥, 浦东
61491, 720, 金桥, 浦东
56140, 320, 金桥, 浦东
51049, 180, 金桥, 浦东
61104, 342, 金桥, 浦东
53816, 330, 金桥, 浦东
76404, 725, 金桥, 浦东
27063, 140, 金桥, 浦东
51950, 269, 金桥, 浦东
85121, 865, 金杨, 浦东
58664, 370, 金杨, 浦东
59971, 298, 金杨, 浦东
57919, 245, 金杨, 浦东
56695, 268, 金杨, 浦东
52264, 360, 金杨, 浦东
77457, 880, 金杨, 浦东
54347, 250, 金杨, 浦东
55803, 325, 金杨, 浦东
79069, 680, 金杨, 浦东
56862, 365, 金杨, 浦东
57863, 390, 金杨, 浦东
57964, 250, 金杨, 浦东
62324, 355, 金杨, 浦东
55387, 440, 金杨, 浦东
57018, 368, 金杨, 浦东
45047, 860, 金杨, 浦东
82535, 560, 金杨, 浦东
72302, 650, 金杨, 浦东
86008, 485, 金杨, 浦东
82977, 680, 金杨, 浦东
61451, 480, 金杨, 浦东
70769, 859, 金杨, 浦东
54237, 320, 金杨, 浦东
78332, 590, 金杨, 浦东
74736, 305, 金杨, 浦东
77953, 320, 金杨, 浦东
50144, 295, 金杨, 浦东
55405, 410, 金杨, 浦东
56781, 265, 金杨, 浦东
44481, 320, 康桥, 浦东
44597, 265, 康桥, 浦东
44006, 257, 康桥, 浦东
47189, 398, 康桥, 浦东
49306, 498, 康桥, 浦东
41688, 240, 康桥, 浦东
43323, 450, 康桥, 浦东
43938, 465, 康桥, 浦东
50505, 405, 康桥, 浦东
43448, 320, 康桥, 浦东
41428, 290, 康桥, 浦东
51323, 510, 康桥, 浦东
40391, 293, 康桥, 浦东
43642, 335, 康桥, 浦东
49115, 500, 康桥, 浦东
59293, 1320, 康桥, 浦东
50000, 570, 康桥, 浦东
54945, 2500, 康桥, 浦东
42122, 600, 康桥, 浦东
64136, 1460, 康桥, 浦东
40880, 390, 康桥, 浦东
40983, 325, 康桥, 浦东
44595, 335, 康桥, 浦东
43740, 385, 康桥, 浦东
42978, 340, 康桥, 浦东
43835, 320, 康桥, 浦东
55555, 500, 康桥, 浦东
41162, 340, 康桥, 浦东
43950, 380, 康桥, 浦东
38028, 358, 康桥, 浦东
22340, 210, 老港镇, 浦东
19008, 230, 老港镇, 浦东
89279, 1220, 陆家嘴, 浦东
80128, 625, 陆家嘴, 浦东
131296, 1100, 陆家嘴, 浦东
87441, 1050, 陆家嘴, 浦东
109794, 2900, 陆家嘴, 浦东
102497, 1699, 陆家嘴, 浦东
75862, 440, 陆家嘴, 浦东
92407, 1200, 陆家嘴, 浦东
89257, 2300, 陆家嘴, 浦东
92449, 2150, 陆家嘴, 浦东
87997, 1500, 陆家嘴, 浦东
106825, 950, 陆家嘴, 浦东
99987, 2379, 陆家嘴, 浦东
101537, 350, 陆家嘴, 浦东
73860, 410, 陆家嘴, 浦东
57909, 965, 陆家嘴, 浦东
69970, 480, 陆家嘴, 浦东
80060, 320, 陆家嘴, 浦东
126945, 1550, 陆家嘴, 浦东
84538, 1070, 陆家嘴, 浦东
70651, 500, 陆家嘴, 浦东
75880, 2150, 陆家嘴, 浦东
104027, 1950, 陆家嘴, 浦东
68101, 500, 陆家嘴, 浦东
73649, 450, 陆家嘴, 浦东
96368, 1218, 陆家嘴, 浦东
74188, 530, 陆家嘴, 浦东
89779, 1850, 陆家嘴, 浦东
68386, 700, 陆家嘴, 浦东
94513, 1280, 陆家嘴, 浦东
90792, 1200, 联洋, 浦东
94212, 1680, 联洋, 浦东
83499, 1300, 联洋, 浦东
96747, 1050, 联洋, 浦东
95443, 1060, 联洋, 浦东
82067, 1345, 联洋, 浦东
90389, 1550, 联洋, 浦东
99406, 720, 联洋, 浦东
88833, 1000, 联洋, 浦东
87535, 1380, 联洋, 浦东
86111, 1550, 联洋, 浦东
80060, 1270, 联洋, 浦东
74750, 900, 联洋, 浦东
94471, 1620, 联洋, 浦东
93565, 1300, 联洋, 浦东
89389, 1150, 联洋, 浦东
91104, 1400, 联洋, 浦东
46801, 1500, 联洋, 浦东
96196, 999, 联洋, 浦东
95361, 1250, 联洋, 浦东
103851, 1580, 联洋, 浦东
89049, 1580, 联洋, 浦东
83981, 1350, 联洋, 浦东
90257, 1600, 联洋, 浦东
85739, 1280, 联洋, 浦东
94538, 1068, 联洋, 浦东
90036, 1360, 联洋, 浦东
91597, 1100, 联洋, 浦东
87951, 1460, 联洋, 浦东
97441, 1230, 联洋, 浦东
21852, 180, 泥城镇, 浦东
19574, 160, 泥城镇, 浦东
21912, 220, 泥城镇, 浦东
21409, 175, 泥城镇, 浦东
22290, 195, 泥城镇, 浦东
13001, 225, 泥城镇, 浦东
20388, 210, 泥城镇, 浦东
22671, 185, 泥城镇, 浦东
24806, 160, 泥城镇, 浦东
20457, 170, 泥城镇, 浦东
21776, 140, 泥城镇, 浦东
29750, 238, 泥城镇, 浦东
26627, 229, 泥城镇, 浦东
26053, 225, 泥城镇, 浦东
21687, 190, 泥城镇, 浦东
24014, 215, 泥城镇, 浦东
27842, 240, 泥城镇, 浦东
24088, 216, 泥城镇, 浦东
26272, 226, 泥城镇, 浦东
20430, 167, 泥城镇, 浦东
27790, 240, 泥城镇, 浦东
24218, 213, 泥城镇, 浦东
22465, 185, 泥城镇, 浦东
20986, 220, 泥城镇, 浦东
18437, 220, 泥城镇, 浦东
19149, 200, 泥城镇, 浦东
19756, 243, 泥城镇, 浦东
19161, 160, 泥城镇, 浦东
25808, 229, 泥城镇, 浦东
19494, 162, 泥城镇, 浦东
58939, 300, 南码头, 浦东
54824, 200, 南码头, 浦东
57575, 342, 南码头, 浦东
61165, 315, 南码头, 浦东
54430, 285, 南码头, 浦东
78571, 770, 南码头, 浦东
49593, 195, 南码头, 浦东
58888, 212, 南码头, 浦东
62540, 192, 南码头, 浦东
60354, 225, 南码头, 浦东
78036, 620, 南码头, 浦东
56585, 235, 南码头, 浦东
57753, 200, 南码头, 浦东
60327, 295, 南码头, 浦东
55082, 207, 南码头, 浦东
58045, 215, 南码头, 浦东
51620, 215, 南码头, 浦东
60285, 211, 南码头, 浦东
53442, 215, 南码头, 浦东
57135, 225, 南码头, 浦东
79237, 935, 南码头, 浦东
56928, 318, 南码头, 浦东
76268, 430, 南码头, 浦东
57903, 200, 南码头, 浦东
57640, 215, 南码头, 浦东
55207, 220, 南码头, 浦东
51334, 200, 南码头, 浦东
52803, 210, 南码头, 浦东
57857, 430, 南码头, 浦东
54124, 208, 南码头, 浦东
56853, 275, 世博, 浦东
64300, 375, 世博, 浦东
69582, 385, 世博, 浦东
57919, 245, 世博, 浦东
64344, 495, 世博, 浦东
52500, 315, 世博, 浦东
78141, 740, 世博, 浦东
62137, 418, 世博, 浦东
70689, 205, 世博, 浦东
59905, 215, 世博, 浦东
63985, 315, 世博, 浦东
62517, 228, 世博, 浦东
68833, 860, 世博, 浦东
61946, 308, 世博, 浦东
55830, 305, 世博, 浦东
61344, 345, 世博, 浦东
60026, 452, 世博, 浦东
52502, 365, 世博, 浦东
66894, 255, 世博, 浦东
70049, 450, 世博, 浦东
66265, 275, 世博, 浦东
62739, 360, 世博, 浦东
65028, 225, 世博, 浦东
58756, 310, 世博, 浦东
61938, 200, 世博, 浦东
56999, 340, 世博, 浦东
57480, 375, 世博, 浦东
66153, 395, 世博, 浦东
60455, 425, 世博, 浦东
62318, 430, 世博, 浦东
53369, 350, 三林, 浦东
62460, 590, 三林, 浦东
54071, 425, 三林, 浦东
54782, 315, 三林, 浦东
61111, 440, 三林, 浦东
74452, 1020, 三林, 浦东
53975, 410, 三林, 浦东
63265, 620, 三林, 浦东
53050, 360, 三林, 浦东
64294, 860, 三林, 浦东
64425, 830, 三林, 浦东
55138, 360, 三林, 浦东
54794, 400, 三林, 浦东
66844, 650, 三林, 浦东
61626, 300, 三林, 浦东
53744, 450, 三林, 浦东
53380, 270, 三林, 浦东
51137, 380, 三林, 浦东
58737, 240, 三林, 浦东
66514, 320, 三林, 浦东
61255, 520, 三林, 浦东
67146, 635, 三林, 浦东
70891, 820, 三林, 浦东
58592, 298, 三林, 浦东
83060, 940, 三林, 浦东
64356, 600, 三林, 浦东
55555, 350, 三林, 浦东
66411, 695, 三林, 浦东
61135, 728, 三林, 浦东
50268, 600, 三林, 浦东
18430, 229, 书院镇, 浦东
20894, 215, 书院镇, 浦东
23387, 145, 书院镇, 浦东
24600, 123, 书院镇, 浦东
25000, 165, 书院镇, 浦东
23627, 225, 书院镇, 浦东
26229, 152, 书院镇, 浦东
20009, 205, 书院镇, 浦东
21633, 178, 书院镇, 浦东
18738, 230, 书院镇, 浦东
26034, 151, 书院镇, 浦东
22839, 185, 书院镇, 浦东
25151, 166, 书院镇, 浦东
23636, 156, 书院镇, 浦东
24307, 158, 书院镇, 浦东
22875, 183, 书院镇, 浦东
23627, 225, 书院镇, 浦东
26617, 160, 书院镇, 浦东
22956, 98, 书院镇, 浦东
19640, 190, 书院镇, 浦东
20324, 163, 书院镇, 浦东
22201, 95, 书院镇, 浦东
19125, 195, 书院镇, 浦东
21129, 95, 书院镇, 浦东
21174, 220, 书院镇, 浦东
20792, 210, 书院镇, 浦东
20961, 218, 书院镇, 浦东
19565, 225, 书院镇, 浦东
23549, 155, 书院镇, 浦东
20934, 215, 书院镇, 浦东
63694, 240, 塘桥, 浦东
65078, 265, 塘桥, 浦东
60154, 920, 塘桥, 浦东
67834, 360, 塘桥, 浦东
67876, 288, 塘桥, 浦东
69398, 1060, 塘桥, 浦东
77585, 910, 塘桥, 浦东
73882, 385, 塘桥, 浦东
71043, 290, 塘桥, 浦东
67415, 600, 塘桥, 浦东
63461, 870, 塘桥, 浦东
70717, 398, 塘桥, 浦东
71652, 870, 塘桥, 浦东
75161, 1700, 塘桥, 浦东
59425, 302, 塘桥, 浦东
70347, 358, 塘桥, 浦东
73044, 310, 塘桥, 浦东
77537, 485, 塘桥, 浦东
64743, 220, 塘桥, 浦东
78103, 1150, 塘桥, 浦东
77972, 920, 塘桥, 浦东
63439, 950, 塘桥, 浦东
57281, 780, 塘桥, 浦东
58638, 298, 塘桥, 浦东
78275, 1500, 塘桥, 浦东
67816, 350, 塘桥, 浦东
70561, 715, 塘桥, 浦东
64195, 310, 塘桥, 浦东
74643, 330, 塘桥, 浦东
65166, 359, 塘桥, 浦东
40012, 255, 外高桥, 浦东
45738, 315, 外高桥, 浦东
41250, 405, 外高桥, 浦东
50660, 280, 外高桥, 浦东
45133, 550, 外高桥, 浦东
48993, 280, 外高桥, 浦东
42253, 300, 外高桥, 浦东
44650, 245, 外高桥, 浦东
44810, 215, 外高桥, 浦东
44453, 315, 外高桥, 浦东
50000, 210, 外高桥, 浦东
47231, 180, 外高桥, 浦东
38795, 210, 外高桥, 浦东
48763, 215, 外高桥, 浦东
42071, 290, 外高桥, 浦东
40833, 245, 外高桥, 浦东
52087, 600, 外高桥, 浦东
35453, 320, 外高桥, 浦东
38824, 210, 外高桥, 浦东
45604, 290, 外高桥, 浦东
45919, 175, 外高桥, 浦东
33333, 220, 外高桥, 浦东
39316, 230, 外高桥, 浦东
45238, 380, 外高桥, 浦东
47983, 370, 外高桥, 浦东
45344, 263, 外高桥, 浦东
45191, 258, 外高桥, 浦东
47153, 420, 外高桥, 浦东
42384, 305, 外高桥, 浦东
57758, 845, 外高桥, 浦东
24563, 145, 万祥镇, 浦东
25423, 150, 万祥镇, 浦东
23093, 185, 万祥镇, 浦东
18750, 225, 万祥镇, 浦东
20382, 258, 万祥镇, 浦东
26349, 166, 万祥镇, 浦东
30422, 648, 万祥镇, 浦东
21459, 210, 万祥镇, 浦东
21050, 255, 万祥镇, 浦东
20737, 225, 万祥镇, 浦东
18660, 202, 万祥镇, 浦东
20967, 195, 万祥镇, 浦东
25152, 470, 万祥镇, 浦东
25686, 215, 万祥镇, 浦东
26136, 230, 万祥镇, 浦东
21367, 200, 万祥镇, 浦东
17602, 220, 万祥镇, 浦东
23120, 210, 万祥镇, 浦东
28486, 520, 新场, 浦东
26605, 290, 新场, 浦东
29732, 210, 新场, 浦东
34336, 308, 新场, 浦东
29120, 265, 新场, 浦东
29262, 535, 新场, 浦东
29849, 265, 新场, 浦东
33423, 295, 新场, 浦东
35123, 310, 新场, 浦东
34246, 250, 新场, 浦东
35048, 295, 新场, 浦东
35144, 315, 新场, 浦东
30585, 430, 新场, 浦东
35176, 320, 新场, 浦东
33799, 300, 新场, 浦东
32738, 275, 新场, 浦东
29884, 530, 新场, 浦东
32954, 290, 新场, 浦东
33998, 300, 新场, 浦东
32101, 285, 新场, 浦东
33946, 310, 新场, 浦东
35790, 320, 新场, 浦东
30161, 258, 新场, 浦东
30414, 405, 新场, 浦东
35833, 355, 新场, 浦东
36936, 355, 新场, 浦东
28594, 1000, 新场, 浦东
38008, 365, 新场, 浦东
35994, 330, 新场, 浦东
41132, 218, 新场, 浦东
30130, 370, 宣桥, 浦东
33494, 236, 宣桥, 浦东
30571, 280, 宣桥, 浦东
29619, 340, 宣桥, 浦东
31493, 420, 宣桥, 浦东
27563, 300, 宣桥, 浦东
23266, 300, 宣桥, 浦东
28938, 266, 宣桥, 浦东
36098, 215, 宣桥, 浦东
28840, 420, 宣桥, 浦东
28191, 265, 宣桥, 浦东
29842, 285, 宣桥, 浦东
31152, 290, 宣桥, 浦东
31149, 242, 宣桥, 浦东
26261, 370, 宣桥, 浦东
30505, 278, 宣桥, 浦东
30708, 390, 宣桥, 浦东
25666, 255, 宣桥, 浦东
34094, 315, 宣桥, 浦东
29839, 230, 宣桥, 浦东
29665, 285, 宣桥, 浦东
31470, 285, 宣桥, 浦东
30520, 430, 宣桥, 浦东
29720, 275, 宣桥, 浦东
32167, 240, 宣桥, 浦东
29680, 283, 宣桥, 浦东
29408, 255, 宣桥, 浦东
33579, 200, 宣桥, 浦东
23200, 290, 宣桥, 浦东
33333, 400, 宣桥, 浦东
89164, 1120, 杨东, 浦东
115776, 750, 杨东, 浦东
89186, 1200, 杨东, 浦东
86607, 970, 杨东, 浦东
86027, 1280, 杨东, 浦东
72486, 700, 杨东, 浦东
85199, 700, 杨东, 浦东
74803, 855, 杨东, 浦东
102609, 1050, 杨东, 浦东
95670, 1200, 杨东, 浦东
97821, 1500, 杨东, 浦东
88604, 720, 杨东, 浦东
81395, 1050, 杨东, 浦东
73896, 800, 杨东, 浦东
78209, 945, 杨东, 浦东
77205, 1450, 杨东, 浦东
72500, 580, 杨东, 浦东
89577, 1150, 杨东, 浦东
97885, 1500, 杨东, 浦东
85784, 875, 杨东, 浦东
103376, 1050, 杨东, 浦东
72944, 990, 杨东, 浦东
71346, 680, 杨东, 浦东
91117, 1150, 杨东, 浦东
95962, 770, 杨东, 浦东
95181, 960, 杨东, 浦东
94978, 1500, 杨东, 浦东
107480, 1480, 杨东, 浦东
85561, 925, 杨东, 浦东
89157, 1300, 杨东, 浦东
81605, 618, 洋泾, 浦东
81092, 1300, 洋泾, 浦东
78486, 610, 洋泾, 浦东
79093, 810, 洋泾, 浦东
81471, 620, 洋泾, 浦东
59123, 290, 洋泾, 浦东
64449, 250, 洋泾, 浦东
60581, 225, 洋泾, 浦东
72261, 620, 洋泾, 浦东
84106, 870, 洋泾, 浦东
80445, 520, 洋泾, 浦东
86283, 580, 洋泾, 浦东
58841, 375, 洋泾, 浦东
95338, 450, 洋泾, 浦东
97828, 1000, 洋泾, 浦东
83929, 950, 洋泾, 浦东
57422, 340, 洋泾, 浦东
75343, 840, 洋泾, 浦东
68977, 400, 洋泾, 浦东
85714, 600, 洋泾, 浦东
77107, 1220, 洋泾, 浦东
95926, 1380, 洋泾, 浦东
79672, 515, 洋泾, 浦东
88863, 545, 洋泾, 浦东
90925, 505, 洋泾, 浦东
59426, 255, 洋泾, 浦东
71926, 423, 洋泾, 浦东
59634, 545, 洋泾, 浦东
94696, 450, 洋泾, 浦东
91973, 1100, 洋泾, 浦东
59573, 640, 御桥, 浦东
65894, 620, 御桥, 浦东
59922, 510, 御桥, 浦东
52215, 680, 御桥, 浦东
50523, 478, 御桥, 浦东
54111, 410, 御桥, 浦东
66972, 730, 御桥, 浦东
50707, 430, 御桥, 浦东
55807, 295, 御桥, 浦东
64148, 800, 御桥, 浦东
61871, 615, 御桥, 浦东
79385, 620, 御桥, 浦东
60106, 248, 御桥, 浦东
55220, 375, 御桥, 浦东
79765, 790, 御桥, 浦东
58571, 492, 御桥, 浦东
54211, 560, 御桥, 浦东
57043, 460, 御桥, 浦东
72431, 650, 御桥, 浦东
53372, 550, 御桥, 浦东
70542, 620, 御桥, 浦东
51259, 415, 御桥, 浦东
52708, 360, 御桥, 浦东
53808, 498, 御桥, 浦东
50505, 615, 御桥, 浦东
56288, 730, 御桥, 浦东
57936, 365, 御桥, 浦东
51297, 435, 御桥, 浦东
65002, 880, 御桥, 浦东
59744, 370, 御桥, 浦东
88888, 300, 源深, 浦东
69993, 460, 源深, 浦东
89169, 550, 源深, 浦东
70754, 465, 源深, 浦东
67104, 470, 源深, 浦东
73145, 1500, 源深, 浦东
114559, 550, 源深, 浦东
104067, 545, 源深, 浦东
75123, 485, 源深, 浦东
84665, 445, 源深, 浦东
84049, 450, 源深, 浦东
78015, 390, 源深, 浦东
74466, 590, 源深, 浦东
80511, 340, 源深, 浦东
91395, 1350, 源深, 浦东
81990, 880, 源深, 浦东
81924, 790, 源深, 浦东
105833, 635, 源深, 浦东
83413, 1300, 源深, 浦东
75810, 650, 源深, 浦东
73265, 470, 源深, 浦东
96691, 415, 源深, 浦东
98333, 590, 源深, 浦东
81141, 438, 源深, 浦东
70653, 885, 源深, 浦东
112585, 1400, 源深, 浦东
100000, 540, 源深, 浦东
88545, 630, 源深, 浦东
91119, 630, 源深, 浦东
100751, 630, 源深, 浦东
64911, 1250, 张江, 浦东
58718, 760, 张江, 浦东
83939, 750, 张江, 浦东
60557, 380, 张江, 浦东
65568, 900, 张江, 浦东
70088, 945, 张江, 浦东
54888, 695, 张江, 浦东
70229, 615, 张江, 浦东
83472, 750, 张江, 浦东
69309, 1070, 张江, 浦东
93926, 750, 张江, 浦东
66584, 920, 张江, 浦东
82623, 990, 张江, 浦东
64863, 650, 张江, 浦东
81792, 730, 张江, 浦东
57168, 380, 张江, 浦东
81305, 735, 张江, 浦东
66581, 940, 张江, 浦东
58900, 540, 张江, 浦东
83152, 1150, 张江, 浦东
67434, 1200, 张江, 浦东
44691, 378, 张江, 浦东
49382, 280, 张江, 浦东
49387, 375, 张江, 浦东
74986, 998, 张江, 浦东
50251, 300, 张江, 浦东
57450, 315, 张江, 浦东
93277, 3888, 张江, 浦东
44705, 385, 张江, 浦东
81420, 3150, 张江, 浦东
55656, 490, 周浦, 浦东
48997, 440, 周浦, 浦东
41602, 215, 周浦, 浦东
41393, 505, 周浦, 浦东
50251, 450, 周浦, 浦东
49561, 565, 周浦, 浦东
38194, 275, 周浦, 浦东
38000, 285, 周浦, 浦东
37388, 520, 周浦, 浦东
38603, 230, 周浦, 浦东
46020, 270, 周浦, 浦东
37076, 385, 周浦, 浦东
39090, 215, 周浦, 浦东
41604, 360, 周浦, 浦东
49494, 470, 周浦, 浦东
45594, 370, 周浦, 浦东
41883, 290, 周浦, 浦东
40000, 220, 周浦, 浦东
43430, 475, 周浦, 浦东
40277, 290, 周浦, 浦东
50823, 290, 周浦, 浦东
47338, 265, 周浦, 浦东
41904, 440, 周浦, 浦东
39743, 390, 周浦, 浦东
45563, 265, 周浦, 浦东
41515, 390, 周浦, 浦东
38465, 365, 周浦, 浦东
42998, 230, 周浦, 浦东
37091, 280, 周浦, 浦东
39575, 205, 周浦, 浦东
34991, 325, 祝桥, 浦东
31328, 325, 祝桥, 浦东
33304, 268, 祝桥, 浦东
45484, 275, 祝桥, 浦东
38928, 680, 祝桥, 浦东
34425, 330, 祝桥, 浦东
29267, 425, 祝桥, 浦东
36792, 195, 祝桥, 浦东
41391, 370, 祝桥, 浦东
29824, 240, 祝桥, 浦东
28582, 230, 祝桥, 浦东
35292, 290, 祝桥, 浦东
32939, 1430, 祝桥, 浦东
31093, 330, 祝桥, 浦东
33167, 320, 祝桥, 浦东
47185, 285, 祝桥, 浦东
27078, 395, 祝桥, 浦东
30170, 165, 祝桥, 浦东
34834, 280, 祝桥, 浦东
36764, 235, 祝桥, 浦东
47208, 285, 祝桥, 浦东
37302, 530, 祝桥, 浦东
36718, 235, 祝桥, 浦东
34567, 280, 祝桥, 浦东
38015, 200, 祝桥, 浦东
38709, 240, 祝桥, 浦东
35886, 290, 祝桥, 浦东
35714, 200, 祝桥, 浦东
32380, 340, 祝桥, 浦东
33006, 340, 祝桥, 浦东
62740, 539, 春申, 闵行
54588, 298, 春申, 闵行
46970, 400, 春申, 闵行
45363, 500, 春申, 闵行
68301, 557, 春申, 闵行
70572, 471, 春申, 闵行
63636, 630, 春申, 闵行
72257, 380, 春申, 闵行
38987, 308, 春申, 闵行
48412, 250, 春申, 闵行
50990, 175, 春申, 闵行
41032, 310, 春申, 闵行
41365, 206, 春申, 闵行
63819, 680, 春申, 闵行
67801, 478, 春申, 闵行
48716, 298, 春申, 闵行
64499, 758, 春申, 闵行
65706, 698, 春申, 闵行
64928, 650, 春申, 闵行
56047, 917, 春申, 闵行
53705, 1000, 春申, 闵行
48327, 260, 春申, 闵行
43963, 520, 春申, 闵行
42411, 235, 春申, 闵行
40200, 241, 春申, 闵行
63183, 543, 春申, 闵行
52238, 385, 春申, 闵行
40034, 235, 春申, 闵行
41791, 560, 春申, 闵行
69558, 465, 春申, 闵行
40730, 290, 华漕, 闵行
51994, 275, 华漕, 闵行
106170, 3300, 华漕, 闵行
47006, 340, 华漕, 闵行
39128, 420, 华漕, 闵行
42458, 380, 华漕, 闵行
44660, 330, 华漕, 闵行
42671, 260, 华漕, 闵行
42705, 310, 华漕, 闵行
44691, 330, 华漕, 闵行
45669, 405, 华漕, 闵行
46775, 425, 华漕, 闵行
42424, 408, 华漕, 闵行
42785, 470, 华漕, 闵行
49158, 260, 华漕, 闵行
47883, 345, 华漕, 闵行
35598, 263, 华漕, 闵行
46239, 340, 华漕, 闵行
42745, 350, 华漕, 闵行
46649, 550, 华漕, 闵行
42773, 520, 华漕, 闵行
42073, 280, 华漕, 闵行
37098, 270, 华漕, 闵行
45837, 250, 华漕, 闵行
52594, 295, 华漕, 闵行
74766, 800, 华漕, 闵行
47006, 340, 华漕, 闵行
54972, 760, 华漕, 闵行
44531, 1250, 华漕, 闵行
104408, 4000, 华漕, 闵行
44750, 358, 航华, 闵行
49645, 350, 航华, 闵行
53649, 305, 航华, 闵行
41841, 390, 航华, 闵行
42016, 275, 航华, 闵行
44126, 305, 航华, 闵行
44830, 320, 航华, 闵行
52631, 215, 航华, 闵行
42293, 360, 航华, 闵行
61541, 730, 航华, 闵行
49217, 330, 航华, 闵行
46634, 440, 航华, 闵行
50505, 550, 航华, 闵行
49860, 500, 航华, 闵行
46338, 410, 航华, 闵行
45854, 240, 航华, 闵行
53782, 605, 航华, 闵行
52896, 525, 航华, 闵行
48906, 255, 航华, 闵行
47438, 325, 航华, 闵行
44595, 295, 航华, 闵行
38249, 250, 航华, 闵行
43409, 328, 航华, 闵行
43055, 505, 航华, 闵行
45114, 205, 航华, 闵行
46456, 590, 航华, 闵行
52923, 430, 航华, 闵行
47364, 310, 航华, 闵行
47563, 205, 航华, 闵行
46940, 369, 航华, 闵行
54473, 358, 静安新城, 闵行
55200, 475, 静安新城, 闵行
61985, 580, 静安新城, 闵行
74441, 630, 静安新城, 闵行
56886, 380, 静安新城, 闵行
54196, 370, 静安新城, 闵行
73473, 598, 静安新城, 闵行
61398, 310, 静安新城, 闵行
67460, 850, 静安新城, 闵行
70959, 530, 静安新城, 闵行
52553, 318, 静安新城, 闵行
77188, 380, 静安新城, 闵行
51972, 253, 静安新城, 闵行
52547, 330, 静安新城, 闵行
57895, 580, 静安新城, 闵行
53547, 323, 静安新城, 闵行
56198, 345, 静安新城, 闵行
62367, 470, 静安新城, 闵行
56530, 290, 静安新城, 闵行
79145, 1000, 静安新城, 闵行
58656, 330, 静安新城, 闵行
52043, 890, 静安新城, 闵行
56130, 396, 静安新城, 闵行
63888, 460, 静安新城, 闵行
53657, 355, 静安新城, 闵行
64232, 790, 静安新城, 闵行
53030, 350, 静安新城, 闵行
89099, 1880, 静安新城, 闵行
68720, 1450, 静安新城, 闵行
60001, 620, 静安新城, 闵行
57534, 588, 金汇, 闵行
71161, 950, 金汇, 闵行
49846, 780, 金汇, 闵行
62130, 830, 金汇, 闵行
66877, 950, 金汇, 闵行
56434, 560, 金汇, 闵行
49846, 780, 金汇, 闵行
69071, 720, 金汇, 闵行
68893, 730, 金汇, 闵行
66972, 730, 金汇, 闵行
59073, 250, 金汇, 闵行
61971, 880, 金汇, 闵行
68087, 1080, 金汇, 闵行
62860, 840, 金汇, 闵行
72741, 835, 金汇, 闵行
77265, 1300, 金汇, 闵行
73963, 1040, 金汇, 闵行
74990, 1140, 金汇, 闵行
70749, 990, 金汇, 闵行
73576, 1150, 金汇, 闵行
70891, 245, 金汇, 闵行
71098, 970, 金汇, 闵行
67894, 800, 金汇, 闵行
51658, 1500, 金汇, 闵行
54657, 460, 金汇, 闵行
75482, 1100, 金汇, 闵行
72950, 500, 金汇, 闵行
63030, 535, 金汇, 闵行
58744, 305, 金汇, 闵行
58513, 300, 金汇, 闵行
87196, 1200, 金虹桥, 闵行
61594, 850, 金虹桥, 闵行
101592, 670, 金虹桥, 闵行
41552, 670, 金虹桥, 闵行
75276, 1600, 金虹桥, 闵行
53240, 405, 金虹桥, 闵行
62467, 600, 金虹桥, 闵行
59398, 535, 金虹桥, 闵行
61286, 950, 金虹桥, 闵行
68123, 608, 金虹桥, 闵行
51032, 798, 金虹桥, 闵行
71381, 1200, 金虹桥, 闵行
57589, 420, 金虹桥, 闵行
60773, 735, 金虹桥, 闵行
69481, 650, 金虹桥, 闵行
76530, 780, 金虹桥, 闵行
66981, 355, 金虹桥, 闵行
64267, 250, 金虹桥, 闵行
57932, 2200, 金虹桥, 闵行
76584, 540, 金虹桥, 闵行
54527, 280, 金虹桥, 闵行
64852, 1020, 金虹桥, 闵行
72908, 475, 金虹桥, 闵行
80889, 1120, 金虹桥, 闵行
62555, 980, 金虹桥, 闵行
71456, 730, 金虹桥, 闵行
66666, 700, 金虹桥, 闵行
61390, 965, 金虹桥, 闵行
61891, 458, 金虹桥, 闵行
63461, 1060, 金虹桥, 闵行
55527, 330, 龙柏, 闵行
61679, 310, 龙柏, 闵行
61185, 320, 龙柏, 闵行
65609, 600, 龙柏, 闵行
58543, 320, 龙柏, 闵行
58933, 380, 龙柏, 闵行
56179, 305, 龙柏, 闵行
55224, 760, 龙柏, 闵行
62934, 570, 龙柏, 闵行
59278, 345, 龙柏, 闵行
57377, 245, 龙柏, 闵行
57903, 248, 龙柏, 闵行
61059, 310, 龙柏, 闵行
79491, 1250, 龙柏, 闵行
85779, 1350, 龙柏, 闵行
57050, 299, 龙柏, 闵行
54353, 540, 龙柏, 闵行
77024, 700, 龙柏, 闵行
52615, 685, 龙柏, 闵行
53443, 440, 龙柏, 闵行
63346, 388, 龙柏, 闵行
57239, 340, 龙柏, 闵行
64102, 405, 龙柏, 闵行
55799, 305, 龙柏, 闵行
59968, 305, 龙柏, 闵行
59155, 430, 龙柏, 闵行
64448, 490, 龙柏, 闵行
60168, 300, 龙柏, 闵行
53507, 360, 龙柏, 闵行
57471, 315, 龙柏, 闵行
55095, 1650, 马桥, 闵行
27927, 228, 马桥, 闵行
39143, 2988, 马桥, 闵行
47727, 2100, 马桥, 闵行
45458, 2000, 马桥, 闵行
31435, 180, 马桥, 闵行
41873, 2300, 马桥, 闵行
33870, 990, 马桥, 闵行
29246, 265, 马桥, 闵行
32180, 950, 马桥, 闵行
38652, 1990, 马桥, 闵行
28151, 230, 马桥, 闵行
25000, 310, 马桥, 闵行
52277, 2300, 马桥, 闵行
45310, 2400, 马桥, 闵行
34683, 155, 马桥, 闵行
49129, 4000, 马桥, 闵行
29246, 265, 马桥, 闵行
54337, 4200, 马桥, 闵行
29202, 275, 马桥, 闵行
28964, 223, 马桥, 闵行
32422, 210, 马桥, 闵行
25585, 318, 马桥, 闵行
33122, 178, 马桥, 闵行
87118, 3000, 马桥, 闵行
40459, 2100, 马桥, 闵行
37261, 1100, 马桥, 闵行
45029, 1680, 马桥, 闵行
32145, 1500, 马桥, 闵行
40950, 1800, 马桥, 闵行
52941, 270, 七宝, 闵行
57562, 239, 七宝, 闵行
69141, 365, 七宝, 闵行
59130, 680, 七宝, 闵行
45891, 315, 七宝, 闵行
47873, 358, 七宝, 闵行
56733, 570, 七宝, 闵行
58528, 490, 七宝, 闵行
48484, 320, 七宝, 闵行
46790, 530, 七宝, 闵行
68493, 1500, 七宝, 闵行
59580, 690, 七宝, 闵行
56698, 430, 七宝, 闵行
47732, 260, 七宝, 闵行
63912, 970, 七宝, 闵行
62620, 260, 七宝, 闵行
51255, 635, 七宝, 闵行
55238, 580, 七宝, 闵行
74456, 1700, 七宝, 闵行
59661, 1256, 七宝, 闵行
56433, 700, 七宝, 闵行
52054, 380, 七宝, 闵行
53268, 220, 七宝, 闵行
54479, 225, 七宝, 闵行
46115, 238, 七宝, 闵行
79532, 340, 七宝, 闵行
58003, 420, 七宝, 闵行
68731, 930, 七宝, 闵行
61484, 530, 七宝, 闵行
46461, 470, 七宝, 闵行
40881, 230, 吴泾, 闵行
37390, 200, 吴泾, 闵行
35303, 270, 吴泾, 闵行
42292, 380, 吴泾, 闵行
34448, 280, 吴泾, 闵行
36538, 190, 吴泾, 闵行
35087, 200, 吴泾, 闵行
41502, 590, 吴泾, 闵行
41485, 410, 吴泾, 闵行
33320, 178, 吴泾, 闵行
40026, 182, 吴泾, 闵行
41538, 540, 吴泾, 闵行
43906, 392, 吴泾, 闵行
36420, 490, 吴泾, 闵行
42412, 550, 吴泾, 闵行
40625, 260, 吴泾, 闵行
43078, 300, 吴泾, 闵行
43231, 160, 吴泾, 闵行
41210, 260, 吴泾, 闵行
40451, 380, 吴泾, 闵行
42897, 215, 吴泾, 闵行
50267, 385, 吴泾, 闵行
38192, 355, 吴泾, 闵行
39764, 270, 吴泾, 闵行
32665, 230, 吴泾, 闵行
43046, 390, 吴泾, 闵行
37718, 160, 吴泾, 闵行
50352, 150, 吴泾, 闵行
41601, 265, 吴泾, 闵行
40456, 670, 吴泾, 闵行
53856, 960, 莘庄, 闵行
67391, 620, 莘庄, 闵行
42760, 412, 莘庄, 闵行
58365, 480, 莘庄, 闵行
51831, 590, 莘庄, 闵行
62809, 760, 莘庄, 闵行
51034, 740, 莘庄, 闵行
47692, 465, 莘庄, 闵行
64173, 750, 莘庄, 闵行
60748, 490, 莘庄, 闵行
73697, 1000, 莘庄, 闵行
53226, 386, 莘庄, 闵行
55444, 780, 莘庄, 闵行
57372, 700, 莘庄, 闵行
49660, 410, 莘庄, 闵行
65229, 2000, 莘庄, 闵行
46102, 398, 莘庄, 闵行
38709, 480, 莘庄, 闵行
51555, 580, 莘庄, 闵行
71982, 1300, 莘庄, 闵行
61696, 480, 莘庄, 闵行
59686, 720, 莘庄, 闵行
59372, 560, 莘庄, 闵行
54964, 760, 莘庄, 闵行
56076, 730, 莘庄, 闵行
53333, 480, 莘庄, 闵行
49799, 585, 莘庄, 闵行
49477, 450, 莘庄, 闵行
57043, 460, 莘庄, 闵行
44566, 285, 莘庄, 闵行
58770, 525, 颛桥, 闵行
51490, 525, 颛桥, 闵行
47291, 385, 颛桥, 闵行
39087, 245, 颛桥, 闵行
48035, 203, 颛桥, 闵行
47661, 270, 颛桥, 闵行
50351, 215, 颛桥, 闵行
54485, 948, 颛桥, 闵行
43588, 310, 颛桥, 闵行
57733, 545, 颛桥, 闵行
43937, 308, 颛桥, 闵行
40795, 640, 颛桥, 闵行
42023, 275, 颛桥, 闵行
45574, 450, 颛桥, 闵行
33213, 240, 颛桥, 闵行
48014, 272, 颛桥, 闵行
44294, 408, 颛桥, 闵行
47803, 420, 颛桥, 闵行
41075, 408, 颛桥, 闵行
52594, 225, 颛桥, 闵行
44890, 405, 颛桥, 闵行
52843, 223, 颛桥, 闵行
45945, 400, 颛桥, 闵行
50731, 510, 颛桥, 闵行
54907, 560, 颛桥, 闵行
40834, 270, 颛桥, 闵行
54603, 685, 颛桥, 闵行
40838, 228, 颛桥, 闵行
35786, 354, 颛桥, 闵行
40741, 365, 颛桥, 闵行
48468, 220, 大场镇, 宝山
45907, 198, 大场镇, 宝山
47332, 260, 大场镇, 宝山
55120, 162, 大场镇, 宝山
46990, 185, 大场镇, 宝山
46067, 205, 大场镇, 宝山
45604, 207, 大场镇, 宝山
47034, 268, 大场镇, 宝山
52543, 220, 大场镇, 宝山
48103, 279, 大场镇, 宝山
40098, 455, 大场镇, 宝山
40657, 250, 大场镇, 宝山
44541, 235, 大场镇, 宝山
44666, 335, 大场镇, 宝山
50775, 288, 大场镇, 宝山
45449, 380, 大场镇, 宝山
46721, 285, 大场镇, 宝山
44521, 245, 大场镇, 宝山
50714, 355, 大场镇, 宝山
45705, 430, 大场镇, 宝山
51262, 205, 大场镇, 宝山
47674, 205, 大场镇, 宝山
42220, 270, 大场镇, 宝山
49249, 187, 大场镇, 宝山
46854, 210, 大场镇, 宝山
48361, 335, 大场镇, 宝山
52976, 445, 大场镇, 宝山
49537, 375, 大场镇, 宝山
53204, 220, 大场镇, 宝山
48622, 270, 大场镇, 宝山
68904, 470, 大华, 宝山
56947, 250, 大华, 宝山
57950, 320, 大华, 宝山
61009, 330, 大华, 宝山
59816, 248, 大华, 宝山
72310, 498, 大华, 宝山
66793, 950, 大华, 宝山
50739, 360, 大华, 宝山
62022, 820, 大华, 宝山
51679, 240, 大华, 宝山
63284, 620, 大华, 宝山
54529, 248, 大华, 宝山
40712, 750, 大华, 宝山
55125, 370, 大华, 宝山
51948, 1200, 大华, 宝山
68172, 320, 大华, 宝山
55120, 415, 大华, 宝山
55801, 365, 大华, 宝山
51903, 450, 大华, 宝山
55230, 330, 大华, 宝山
49073, 630, 大华, 宝山
56852, 660, 大华, 宝山
56974, 620, 大华, 宝山
65352, 600, 大华, 宝山
62833, 530, 大华, 宝山
56249, 410, 大华, 宝山
64087, 550, 大华, 宝山
65949, 380, 大华, 宝山
52981, 550, 大华, 宝山
56822, 476, 大华, 宝山
49875, 380, 顾村, 宝山
36487, 300, 顾村, 宝山
54719, 680, 顾村, 宝山
56591, 510, 顾村, 宝山
59600, 745, 顾村, 宝山
50597, 360, 顾村, 宝山
45191, 320, 顾村, 宝山
45227, 245, 顾村, 宝山
57982, 710, 顾村, 宝山
48105, 245, 顾村, 宝山
42072, 315, 顾村, 宝山
44041, 330, 顾村, 宝山
38195, 320, 顾村, 宝山
42597, 328, 顾村, 宝山
52016, 285, 顾村, 宝山
36805, 300, 顾村, 宝山
42570, 320, 顾村, 宝山
48051, 370, 顾村, 宝山
52961, 660, 顾村, 宝山
50242, 280, 顾村, 宝山
57188, 535, 顾村, 宝山
39376, 308, 顾村, 宝山
50764, 475, 顾村, 宝山
56000, 700, 顾村, 宝山
55769, 680, 顾村, 宝山
36889, 268, 顾村, 宝山
56775, 530, 顾村, 宝山
40677, 310, 顾村, 宝山
57908, 510, 顾村, 宝山
56971, 1350, 顾村, 宝山
41420, 455, 共富, 宝山
45894, 436, 共富, 宝山
41005, 310, 共富, 宝山
43799, 225, 共富, 宝山
42566, 410, 共富, 宝山
47677, 310, 共富, 宝山
42499, 368, 共富, 宝山
44773, 230, 共富, 宝山
38970, 560, 共富, 宝山
41262, 255, 共富, 宝山
45370, 245, 共富, 宝山
40566, 430, 共富, 宝山
38621, 475, 共富, 宝山
41520, 285, 共富, 宝山
40143, 335, 共富, 宝山
35326, 270, 共富, 宝山
45524, 295, 共富, 宝山
42961, 318, 共富, 宝山
44826, 318, 共富, 宝山
42111, 280, 共富, 宝山
44366, 315, 共富, 宝山
43691, 285, 共富, 宝山
43713, 307, 共富, 宝山
42261, 355, 共富, 宝山
42214, 395, 共富, 宝山
36789, 275, 共富, 宝山
45497, 430, 共富, 宝山
38855, 600, 共富, 宝山
45108, 320, 共富, 宝山
48888, 220, 共富, 宝山
57285, 230, 高境, 宝山
50556, 295, 高境, 宝山
50266, 330, 高境, 宝山
52181, 305, 高境, 宝山
53586, 260, 高境, 宝山
53416, 430, 高境, 宝山
63188, 350, 高境, 宝山
51248, 310, 高境, 宝山
51581, 225, 高境, 宝山
49848, 395, 高境, 宝山
48111, 265, 高境, 宝山
52412, 265, 高境, 宝山
50700, 210, 高境, 宝山
46033, 235, 高境, 宝山
49888, 312, 高境, 宝山
64980, 735, 高境, 宝山
64981, 622, 高境, 宝山
54865, 265, 高境, 宝山
65461, 438, 高境, 宝山
57798, 630, 高境, 宝山
46144, 395, 高境, 宝山
58188, 480, 高境, 宝山
57449, 460, 高境, 宝山
60703, 545, 高境, 宝山
56515, 510, 高境, 宝山
53267, 410, 高境, 宝山
50135, 370, 高境, 宝山
54924, 750, 高境, 宝山
55111, 310, 高境, 宝山
52181, 305, 高境, 宝山
52758, 350, 共康, 宝山
63912, 560, 共康, 宝山
55397, 545, 共康, 宝山
64292, 650, 共康, 宝山
56992, 520, 共康, 宝山
41729, 555, 共康, 宝山
56955, 565, 共康, 宝山
48643, 850, 共康, 宝山
65648, 430, 共康, 宝山
64013, 830, 共康, 宝山
52684, 365, 共康, 宝山
66389, 590, 共康, 宝山
52321, 320, 共康, 宝山
77611, 390, 共康, 宝山
58575, 500, 共康, 宝山
64592, 490, 共康, 宝山
50408, 370, 共康, 宝山
61502, 690, 共康, 宝山
47947, 320, 共康, 宝山
52339, 226, 共康, 宝山
53593, 475, 共康, 宝山
66093, 530, 共康, 宝山
56216, 520, 共康, 宝山
58137, 568, 共康, 宝山
61390, 415, 共康, 宝山
44523, 415, 共康, 宝山
68424, 610, 共康, 宝山
55373, 355, 共康, 宝山
51239, 310, 共康, 宝山
56103, 950, 共康, 宝山
63387, 585, 罗店, 宝山
32267, 225, 罗店, 宝山
32221, 225, 罗店, 宝山
43213, 390, 罗店, 宝山
33019, 165, 罗店, 宝山
32357, 410, 罗店, 宝山
31807, 380, 罗店, 宝山
42508, 385, 罗店, 宝山
48772, 435, 罗店, 宝山
27743, 205, 罗店, 宝山
50314, 400, 罗店, 宝山
53924, 415, 罗店, 宝山
54043, 540, 罗店, 宝山
39243, 450, 罗店, 宝山
33663, 255, 罗店, 宝山
41570, 180, 罗店, 宝山
31507, 788, 罗店, 宝山
42077, 435, 罗店, 宝山
54038, 550, 罗店, 宝山
39260, 850, 罗店, 宝山
41548, 365, 罗店, 宝山
43141, 379, 罗店, 宝山
40759, 365, 罗店, 宝山
34517, 680, 罗店, 宝山
32427, 668, 罗店, 宝山
31499, 450, 罗店, 宝山
33225, 430, 罗店, 宝山
41379, 480, 罗店, 宝山
36729, 350, 罗店, 宝山
47269, 438, 罗店, 宝山
24553, 205, 罗泾, 宝山
25679, 550, 罗泾, 宝山
23851, 190, 罗泾, 宝山
28770, 240, 罗泾, 宝山
27595, 295, 罗泾, 宝山
24722, 205, 罗泾, 宝山
24815, 205, 罗泾, 宝山
25173, 210, 罗泾, 宝山
29243, 245, 罗泾, 宝山
19662, 350, 罗泾, 宝山
29000, 290, 罗泾, 宝山
27961, 270, 罗泾, 宝山
27640, 230, 罗泾, 宝山
28000, 280, 罗泾, 宝山
31322, 230, 罗泾, 宝山
20149, 250, 罗泾, 宝山
30764, 408, 罗泾, 宝山
27274, 170, 罗泾, 宝山
23333, 280, 罗泾, 宝山
28878, 290, 罗泾, 宝山
29687, 355, 罗泾, 宝山
21186, 250, 罗泾, 宝山
28147, 235, 罗泾, 宝山
32238, 216, 罗泾, 宝山
30000, 210, 罗泾, 宝山
30428, 206, 罗泾, 宝山
30769, 280, 罗泾, 宝山
31167, 260, 罗泾, 宝山
24118, 240, 罗泾, 宝山
25062, 210, 罗泾, 宝山
40625, 455, 上大, 宝山
47553, 800, 上大, 宝山
53010, 228, 上大, 宝山
51709, 670, 上大, 宝山
49355, 310, 上大, 宝山
53325, 760, 上大, 宝山
53462, 325, 上大, 宝山
45207, 300, 上大, 宝山
54713, 350, 上大, 宝山
41539, 285, 上大, 宝山
41884, 385, 上大, 宝山
42859, 880, 上大, 宝山
46341, 380, 上大, 宝山
47040, 240, 上大, 宝山
44776, 300, 上大, 宝山
50413, 750, 上大, 宝山
46123, 699, 上大, 宝山
47128, 480, 上大, 宝山
40081, 570, 上大, 宝山
54867, 465, 上大, 宝山
55468, 355, 上大, 宝山
55000, 352, 上大, 宝山
48056, 183, 上大, 宝山
48696, 465, 上大, 宝山
47264, 470, 上大, 宝山
54807, 285, 上大, 宝山
48920, 340, 上大, 宝山
41520, 590, 上大, 宝山
49196, 560, 上大, 宝山
49070, 665, 上大, 宝山
49971, 265, 通河, 宝山
52017, 205, 通河, 宝山
48813, 288, 通河, 宝山
50000, 220, 通河, 宝山
54794, 400, 通河, 宝山
50351, 215, 通河, 宝山
50792, 205, 通河, 宝山
52429, 205, 通河, 宝山
51539, 293, 通河, 宝山
46104, 200, 通河, 宝山
44567, 242, 通河, 宝山
48888, 220, 通河, 宝山
47992, 245, 通河, 宝山
42967, 183, 通河, 宝山
45518, 195, 通河, 宝山
50119, 210, 通河, 宝山
45034, 190, 通河, 宝山
44155, 680, 通河, 宝山
49504, 210, 通河, 宝山
49583, 238, 通河, 宝山
47103, 270, 通河, 宝山
50412, 330, 通河, 宝山
45582, 210, 通河, 宝山
45706, 190, 通河, 宝山
47187, 255, 通河, 宝山
44724, 195, 通河, 宝山
48848, 280, 通河, 宝山
50756, 198, 通河, 宝山
47595, 193, 通河, 宝山
50522, 430, 通河, 宝山
46974, 420, 杨行, 宝山
46518, 628, 杨行, 宝山
42599, 548, 杨行, 宝山
42053, 480, 杨行, 宝山
46748, 330, 杨行, 宝山
43137, 496, 杨行, 宝山
50956, 450, 杨行, 宝山
41909, 460, 杨行, 宝山
50974, 565, 杨行, 宝山
33744, 345, 杨行, 宝山
40265, 455, 杨行, 宝山
41799, 460, 杨行, 宝山
45670, 520, 杨行, 宝山
44846, 530, 杨行, 宝山
37716, 475, 杨行, 宝山
39793, 300, 杨行, 宝山
37414, 510, 杨行, 宝山
44067, 530, 杨行, 宝山
41347, 600, 杨行, 宝山
41379, 360, 杨行, 宝山
43646, 395, 杨行, 宝山
42968, 385, 杨行, 宝山
40331, 365, 杨行, 宝山
39002, 530, 杨行, 宝山
44388, 350, 杨行, 宝山
40899, 400, 杨行, 宝山
43039, 465, 杨行, 宝山
43079, 460, 杨行, 宝山
46580, 410, 杨行, 宝山
47674, 410, 杨行, 宝山
38230, 255, 月浦, 宝山
41131, 160, 月浦, 宝山
34507, 245, 月浦, 宝山
34506, 198, 月浦, 宝山
40181, 168, 月浦, 宝山
39041, 220, 月浦, 宝山
33347, 162, 月浦, 宝山
46214, 470, 月浦, 宝山
35435, 195, 月浦, 宝山
29359, 150, 月浦, 宝山
34777, 195, 月浦, 宝山
36407, 195, 月浦, 宝山
38000, 228, 月浦, 宝山
33181, 248, 月浦, 宝山
36994, 228, 月浦, 宝山
33741, 168, 月浦, 宝山
34439, 138, 月浦, 宝山
34756, 210, 月浦, 宝山
33738, 305, 月浦, 宝山
37972, 200, 月浦, 宝山
34719, 248, 月浦, 宝山
40520, 168, 月浦, 宝山
41025, 160, 月浦, 宝山
38698, 295, 月浦, 宝山
34426, 210, 月浦, 宝山
37873, 275, 月浦, 宝山
36125, 345, 月浦, 宝山
36320, 152, 月浦, 宝山
38125, 218, 月浦, 宝山
37729, 210, 月浦, 宝山
43845, 270, 张庙, 宝山
52782, 240, 张庙, 宝山
56130, 580, 张庙, 宝山
48859, 360, 张庙, 宝山
40050, 190, 张庙, 宝山
49068, 208, 张庙, 宝山
45431, 265, 张庙, 宝山
53908, 720, 张庙, 宝山
50389, 375, 张庙, 宝山
43166, 295, 张庙, 宝山
43588, 240, 张庙, 宝山
37655, 160, 张庙, 宝山
47183, 258, 张庙, 宝山
52577, 308, 张庙, 宝山
45800, 295, 张庙, 宝山
49546, 295, 张庙, 宝山
38766, 620, 张庙, 宝山
49104, 288, 张庙, 宝山
55000, 220, 张庙, 宝山
44073, 235, 张庙, 宝山
45048, 540, 张庙, 宝山
51522, 220, 张庙, 宝山
51734, 340, 张庙, 宝山
45962, 395, 张庙, 宝山
54806, 500, 张庙, 宝山
43933, 210, 张庙, 宝山
50283, 142, 张庙, 宝山
48314, 172, 张庙, 宝山
49031, 200, 张庙, 宝山
45992, 245, 张庙, 宝山
79994, 1080, 漕河泾, 徐汇
56422, 470, 漕河泾, 徐汇
71206, 320, 漕河泾, 徐汇
65322, 460, 漕河泾, 徐汇
85969, 1750, 漕河泾, 徐汇
59856, 375, 漕河泾, 徐汇
66112, 890, 漕河泾, 徐汇
63895, 435, 漕河泾, 徐汇
56513, 760, 漕河泾, 徐汇
66955, 495, 漕河泾, 徐汇
69055, 345, 漕河泾, 徐汇
65912, 268, 漕河泾, 徐汇
88066, 1200, 漕河泾, 徐汇
67777, 480, 漕河泾, 徐汇
58856, 529, 漕河泾, 徐汇
77570, 830, 漕河泾, 徐汇
115646, 1700, 漕河泾, 徐汇
100000, 1450, 漕河泾, 徐汇
59036, 490, 漕河泾, 徐汇
68675, 620, 漕河泾, 徐汇
68839, 488, 漕河泾, 徐汇
64307, 578, 漕河泾, 徐汇
61349, 230, 漕河泾, 徐汇
61425, 250, 漕河泾, 徐汇
73809, 620, 漕河泾, 徐汇
72872, 685, 漕河泾, 徐汇
65136, 525, 漕河泾, 徐汇
59922, 340, 漕河泾, 徐汇
72223, 610, 漕河泾, 徐汇
65164, 1388, 漕河泾, 徐汇
61763, 650, 长桥, 徐汇
70422, 800, 长桥, 徐汇
64267, 450, 长桥, 徐汇
60606, 280, 长桥, 徐汇
55491, 289, 长桥, 徐汇
60137, 280, 长桥, 徐汇
58642, 210, 长桥, 徐汇
53124, 380, 长桥, 徐汇
56332, 270, 长桥, 徐汇
71092, 498, 长桥, 徐汇
96374, 420, 长桥, 徐汇
54691, 225, 长桥, 徐汇
64610, 220, 长桥, 徐汇
63193, 245, 长桥, 徐汇
59609, 379, 长桥, 徐汇
89552, 390, 长桥, 徐汇
49104, 340, 长桥, 徐汇
50770, 290, 长桥, 徐汇
56461, 360, 长桥, 徐汇
62702, 290, 长桥, 徐汇
61211, 285, 长桥, 徐汇
55479, 243, 长桥, 徐汇
80645, 420, 长桥, 徐汇
71618, 645, 长桥, 徐汇
85119, 838, 长桥, 徐汇
58639, 338, 长桥, 徐汇
62265, 365, 长桥, 徐汇
62232, 320, 长桥, 徐汇
62200, 260, 长桥, 徐汇
62264, 660, 长桥, 徐汇
55392, 245, 华东理工, 徐汇
56246, 276, 华东理工, 徐汇
59090, 260, 华东理工, 徐汇
64621, 535, 华东理工, 徐汇
56863, 425, 华东理工, 徐汇
57030, 305, 华东理工, 徐汇
53949, 375, 华东理工, 徐汇
55105, 340, 华东理工, 徐汇
57761, 288, 华东理工, 徐汇
54671, 340, 华东理工, 徐汇
55588, 190, 华东理工, 徐汇
69487, 680, 华东理工, 徐汇
57155, 258, 华东理工, 徐汇
60422, 280, 华东理工, 徐汇
61176, 260, 华东理工, 徐汇
58708, 330, 华东理工, 徐汇
53888, 679, 华东理工, 徐汇
57275, 370, 华东理工, 徐汇
57031, 365, 华东理工, 徐汇
54184, 235, 华东理工, 徐汇
53236, 380, 华东理工, 徐汇
52060, 360, 华东理工, 徐汇
56531, 280, 华东理工, 徐汇
56949, 320, 华东理工, 徐汇
59259, 240, 华东理工, 徐汇
56726, 350, 华东理工, 徐汇
57973, 285, 华东理工, 徐汇
54030, 305, 华东理工, 徐汇
58587, 350, 华东理工, 徐汇
61437, 235, 华东理工, 徐汇
51219, 210, 华泾, 徐汇
48632, 240, 华泾, 徐汇
47199, 305, 华泾, 徐汇
52347, 320, 华泾, 徐汇
51282, 320, 华泾, 徐汇
45800, 355, 华泾, 徐汇
54166, 390, 华泾, 徐汇
48611, 280, 华泾, 徐汇
53225, 330, 华泾, 徐汇
48926, 287, 华泾, 徐汇
57947, 253, 华泾, 徐汇
41546, 230, 华泾, 徐汇
54029, 238, 华泾, 徐汇
45586, 220, 华泾, 徐汇
47316, 305, 华泾, 徐汇
48876, 435, 华泾, 徐汇
40491, 270, 华泾, 徐汇
48632, 400, 华泾, 徐汇
53493, 480, 华泾, 徐汇
52001, 660, 华泾, 徐汇
49606, 315, 华泾, 徐汇
50113, 220, 华泾, 徐汇
43939, 290, 华泾, 徐汇
56818, 250, 华泾, 徐汇
50413, 238, 华泾, 徐汇
51010, 275, 华泾, 徐汇
57111, 310, 华泾, 徐汇
90084, 1500, 华泾, 徐汇
45454, 250, 华泾, 徐汇
50000, 320, 华泾, 徐汇
126489, 860, 衡山路, 徐汇
105960, 1680, 衡山路, 徐汇
113603, 395, 衡山路, 徐汇
100917, 220, 衡山路, 徐汇
98527, 990, 衡山路, 徐汇
113162, 950, 衡山路, 徐汇
114828, 405, 衡山路, 徐汇
122448, 600, 衡山路, 徐汇
129273, 605, 衡山路, 徐汇
66228, 1470, 衡山路, 徐汇
116321, 640, 衡山路, 徐汇
97145, 1450, 衡山路, 徐汇
125831, 870, 衡山路, 徐汇
98243, 425, 衡山路, 徐汇
142857, 1600, 衡山路, 徐汇
114978, 958, 衡山路, 徐汇
126130, 2580, 衡山路, 徐汇
114970, 960, 衡山路, 徐汇
117105, 445, 衡山路, 徐汇
105939, 660, 衡山路, 徐汇
145772, 500, 衡山路, 徐汇
117770, 448, 衡山路, 徐汇
125556, 395, 衡山路, 徐汇
103186, 680, 衡山路, 徐汇
109875, 405, 衡山路, 徐汇
100433, 2550, 衡山路, 徐汇
95059, 660, 衡山路, 徐汇
108955, 730, 衡山路, 徐汇
98433, 980, 衡山路, 徐汇
99162, 580, 衡山路, 徐汇
157828, 500, 建国西路, 徐汇
95205, 1390, 建国西路, 徐汇
84290, 1350, 建国西路, 徐汇
85714, 1500, 建国西路, 徐汇
84618, 1350, 建国西路, 徐汇
98799, 2600, 建国西路, 徐汇
98979, 970, 建国西路, 徐汇
136273, 550, 建国西路, 徐汇
124197, 580, 建国西路, 徐汇
124124, 620, 建国西路, 徐汇
134100, 2400, 建国西路, 徐汇
108350, 920, 建国西路, 徐汇
103994, 820, 建国西路, 徐汇
118469, 610, 建国西路, 徐汇
119877, 550, 建国西路, 徐汇
98314, 1050, 建国西路, 徐汇
103064, 740, 建国西路, 徐汇
122618, 650, 建国西路, 徐汇
94339, 1000, 建国西路, 徐汇
103253, 930, 建国西路, 徐汇
135733, 2300, 建国西路, 徐汇
97014, 650, 建国西路, 徐汇
123809, 650, 建国西路, 徐汇
107989, 638, 建国西路, 徐汇
96116, 990, 建国西路, 徐汇
114613, 720, 建国西路, 徐汇
119789, 750, 建国西路, 徐汇
86319, 1450, 建国西路, 徐汇
79798, 1588, 建国西路, 徐汇
100438, 1330, 建国西路, 徐汇
60503, 305, 康健, 徐汇
72826, 335, 康健, 徐汇
69640, 445, 康健, 徐汇
56387, 437, 康健, 徐汇
67698, 280, 康健, 徐汇
79649, 445, 康健, 徐汇
89544, 1300, 康健, 徐汇
63016, 320, 康健, 徐汇
79575, 480, 康健, 徐汇
66425, 275, 康健, 徐汇
60227, 265, 康健, 徐汇
66250, 255, 康健, 徐汇
52345, 510, 康健, 徐汇
66473, 275, 康健, 徐汇
57820, 451, 康健, 徐汇
93055, 335, 康健, 徐汇
74523, 750, 康健, 徐汇
75912, 468, 康健, 徐汇
55001, 320, 康健, 徐汇
70312, 450, 康健, 徐汇
72580, 315, 康健, 徐汇
88862, 1050, 康健, 徐汇
73260, 480, 康健, 徐汇
53889, 460, 康健, 徐汇
71250, 285, 康健, 徐汇
64206, 395, 康健, 徐汇
56869, 262, 康健, 徐汇
87500, 280, 康健, 徐汇
60703, 340, 康健, 徐汇
56914, 356, 康健, 徐汇
64155, 402, 龙华, 徐汇
68604, 590, 龙华, 徐汇
72282, 780, 龙华, 徐汇
69227, 310, 龙华, 徐汇
71513, 360, 龙华, 徐汇
62043, 425, 龙华, 徐汇
70853, 598, 龙华, 徐汇
75132, 255, 龙华, 徐汇
72649, 510, 龙华, 徐汇
64263, 590, 龙华, 徐汇
73336, 560, 龙华, 徐汇
80811, 275, 龙华, 徐汇
73903, 305, 龙华, 徐汇
59550, 395, 龙华, 徐汇
67360, 505, 龙华, 徐汇
62136, 385, 龙华, 徐汇
72019, 270, 龙华, 徐汇
81545, 285, 龙华, 徐汇
55535, 455, 龙华, 徐汇
74994, 365, 龙华, 徐汇
60704, 279, 龙华, 徐汇
80443, 290, 龙华, 徐汇
72857, 510, 龙华, 徐汇
77864, 350, 龙华, 徐汇
82857, 290, 龙华, 徐汇
81944, 295, 龙华, 徐汇
85257, 240, 龙华, 徐汇
70986, 390, 龙华, 徐汇
63403, 500, 龙华, 徐汇
73796, 345, 龙华, 徐汇
53221, 380, 上海南站, 徐汇
64594, 426, 上海南站, 徐汇
66046, 490, 上海南站, 徐汇
60071, 620, 上海南站, 徐汇
68724, 265, 上海南站, 徐汇
62269, 490, 上海南站, 徐汇
59888, 450, 上海南站, 徐汇
62663, 480, 上海南站, 徐汇
62686, 210, 上海南站, 徐汇
65040, 320, 上海南站, 徐汇
61267, 435, 上海南站, 徐汇
63653, 400, 上海南站, 徐汇
58461, 228, 上海南站, 徐汇
54573, 315, 上海南站, 徐汇
64438, 320, 上海南站, 徐汇
61111, 440, 上海南站, 徐汇
59892, 636, 上海南站, 徐汇
63424, 570, 上海南站, 徐汇
62449, 390, 上海南站, 徐汇
60967, 450, 上海南站, 徐汇
58782, 420, 上海南站, 徐汇
67502, 560, 上海南站, 徐汇
63749, 475, 上海南站, 徐汇
60881, 435, 上海南站, 徐汇
66855, 780, 上海南站, 徐汇
90968, 420, 上海南站, 徐汇
72881, 215, 上海南站, 徐汇
64564, 215, 上海南站, 徐汇
76387, 570, 上海南站, 徐汇
58881, 360, 上海南站, 徐汇
72960, 670, 田林, 徐汇
87209, 300, 田林, 徐汇
85106, 320, 田林, 徐汇
79932, 380, 田林, 徐汇
67021, 315, 田林, 徐汇
67199, 530, 田林, 徐汇
84745, 420, 田林, 徐汇
75576, 380, 田林, 徐汇
67000, 268, 田林, 徐汇
67349, 920, 田林, 徐汇
59794, 565, 田林, 徐汇
60483, 330, 田林, 徐汇
66417, 550, 田林, 徐汇
56992, 465, 田林, 徐汇
69100, 248, 田林, 徐汇
81006, 322, 田林, 徐汇
96969, 288, 田林, 徐汇
87936, 320, 田林, 徐汇
85775, 1250, 田林, 徐汇
66363, 700, 田林, 徐汇
66927, 342, 田林, 徐汇
69411, 590, 田林, 徐汇
71103, 750, 田林, 徐汇
90282, 1100, 田林, 徐汇
99314, 970, 田林, 徐汇
58211, 515, 田林, 徐汇
66035, 530, 田林, 徐汇
69524, 485, 田林, 徐汇
75059, 1100, 田林, 徐汇
71182, 600, 田林, 徐汇
71974, 320, 万体馆, 徐汇
63642, 550, 万体馆, 徐汇
70266, 285, 万体馆, 徐汇
69000, 345, 万体馆, 徐汇
75399, 255, 万体馆, 徐汇
72436, 960, 万体馆, 徐汇
99268, 990, 万体馆, 徐汇
78383, 578, 万体馆, 徐汇
74748, 320, 万体馆, 徐汇
76866, 420, 万体馆, 徐汇
80128, 448, 万体馆, 徐汇
79350, 347, 万体馆, 徐汇
70552, 230, 万体馆, 徐汇
72514, 730, 万体馆, 徐汇
72225, 408, 万体馆, 徐汇
65520, 720, 万体馆, 徐汇
63909, 850, 万体馆, 徐汇
71499, 290, 万体馆, 徐汇
67411, 350, 万体馆, 徐汇
72745, 288, 万体馆, 徐汇
71455, 380, 万体馆, 徐汇
62370, 300, 万体馆, 徐汇
73953, 385, 万体馆, 徐汇
80689, 735, 万体馆, 徐汇
76495, 550, 万体馆, 徐汇
76785, 430, 万体馆, 徐汇
74527, 390, 万体馆, 徐汇
91279, 1210, 万体馆, 徐汇
71872, 312, 万体馆, 徐汇
69477, 295, 万体馆, 徐汇
108433, 1800, 徐汇滨江, 徐汇
87328, 490, 徐汇滨江, 徐汇
63615, 385, 徐汇滨江, 徐汇
102402, 1850, 徐汇滨江, 徐汇
57907, 420, 徐汇滨江, 徐汇
94156, 3500, 徐汇滨江, 徐汇
114876, 1668, 徐汇滨江, 徐汇
76419, 350, 徐汇滨江, 徐汇
63877, 565, 徐汇滨江, 徐汇
95238, 1800, 徐汇滨江, 徐汇
62418, 430, 徐汇滨江, 徐汇
102617, 2250, 徐汇滨江, 徐汇
104795, 5900, 徐汇滨江, 徐汇
122138, 1350, 徐汇滨江, 徐汇
66489, 600, 徐汇滨江, 徐汇
150000, 1350, 徐汇滨江, 徐汇
58091, 420, 徐汇滨江, 徐汇
56985, 600, 徐汇滨江, 徐汇
73076, 760, 徐汇滨江, 徐汇
102325, 2200, 徐汇滨江, 徐汇
108702, 1850, 徐汇滨江, 徐汇
120960, 1400, 徐汇滨江, 徐汇
130159, 5200, 徐汇滨江, 徐汇
59984, 535, 徐汇滨江, 徐汇
62867, 610, 徐汇滨江, 徐汇
110661, 1040, 徐汇滨江, 徐汇
118783, 1500, 徐汇滨江, 徐汇
58118, 315, 徐汇滨江, 徐汇
83098, 590, 徐汇滨江, 徐汇
84688, 755, 徐汇滨江, 徐汇
66056, 195, 斜土路, 徐汇
79992, 455, 斜土路, 徐汇
71782, 1100, 斜土路, 徐汇
79142, 395, 斜土路, 徐汇
56497, 300, 斜土路, 徐汇
62816, 285, 斜土路, 徐汇
77030, 385, 斜土路, 徐汇
74668, 400, 斜土路, 徐汇
67920, 260, 斜土路, 徐汇
69918, 820, 斜土路, 徐汇
73746, 250, 斜土路, 徐汇
76644, 930, 斜土路, 徐汇
64452, 295, 斜土路, 徐汇
71392, 980, 斜土路, 徐汇
76001, 920, 斜土路, 徐汇
70356, 450, 斜土路, 徐汇
81869, 508, 斜土路, 徐汇
85337, 550, 斜土路, 徐汇
85719, 455, 斜土路, 徐汇
77644, 265, 斜土路, 徐汇
85073, 330, 斜土路, 徐汇
83409, 640, 斜土路, 徐汇
79365, 300, 斜土路, 徐汇
72866, 420, 斜土路, 徐汇
67664, 330, 斜土路, 徐汇
75995, 290, 斜土路, 徐汇
66998, 350, 斜土路, 徐汇
85956, 1218, 斜土路, 徐汇
79627, 410, 斜土路, 徐汇
81405, 725, 斜土路, 徐汇
63439, 540, 植物园, 徐汇
60437, 315, 植物园, 徐汇
70488, 600, 植物园, 徐汇
65609, 538, 植物园, 徐汇
80270, 380, 植物园, 徐汇
64868, 440, 植物园, 徐汇
64755, 305, 植物园, 徐汇
68135, 430, 植物园, 徐汇
62814, 250, 植物园, 徐汇
57779, 192, 植物园, 徐汇
61432, 205, 植物园, 徐汇
52730, 335, 植物园, 徐汇
64868, 440, 植物园, 徐汇
68783, 405, 植物园, 徐汇
77025, 980, 植物园, 徐汇
60680, 565, 植物园, 徐汇
58139, 265, 植物园, 徐汇
71912, 340, 植物园, 徐汇
70000, 560, 植物园, 徐汇
59644, 265, 植物园, 徐汇
61479, 388, 植物园, 徐汇
70234, 420, 植物园, 徐汇
61668, 760, 植物园, 徐汇
59690, 405, 植物园, 徐汇
55153, 655, 植物园, 徐汇
64243, 380, 植物园, 徐汇
76706, 490, 植物园, 徐汇
54474, 210, 植物园, 徐汇
52427, 230, 植物园, 徐汇
62124, 310, 植物园, 徐汇
72289, 600, 长风, 普陀
69039, 450, 长风, 普陀
71155, 205, 长风, 普陀
63854, 280, 长风, 普陀
66875, 192, 长风, 普陀
61937, 358, 长风, 普陀
69565, 320, 长风, 普陀
67313, 215, 长风, 普陀
63569, 550, 长风, 普陀
68252, 218, 长风, 普陀
67471, 285, 长风, 普陀
62028, 428, 长风, 普陀
60526, 253, 长风, 普陀
61670, 395, 长风, 普陀
68476, 580, 长风, 普陀
61657, 270, 长风, 普陀
62742, 243, 长风, 普陀
62230, 260, 长风, 普陀
62796, 570, 长风, 普陀
58959, 255, 长风, 普陀
62043, 416, 长风, 普陀
61883, 395, 长风, 普陀
63427, 265, 长风, 普陀
62718, 215, 长风, 普陀
64680, 560, 长风, 普陀
54935, 182, 长风, 普陀
64056, 360, 长风, 普陀
66322, 540, 长风, 普陀
66679, 680, 长风, 普陀
67020, 518, 长风, 普陀
87313, 1170, 长寿路, 普陀
114522, 1380, 长寿路, 普陀
51178, 810, 长寿路, 普陀
64079, 700, 长寿路, 普陀
65974, 750, 长寿路, 普陀
111098, 960, 长寿路, 普陀
97560, 300, 长寿路, 普陀
67860, 978, 长寿路, 普陀
83178, 850, 长寿路, 普陀
89527, 990, 长寿路, 普陀
74605, 255, 长寿路, 普陀
81733, 630, 长寿路, 普陀
87520, 850, 长寿路, 普陀
107731, 765, 长寿路, 普陀
71882, 430, 长寿路, 普陀
85987, 1350, 长寿路, 普陀
77519, 1380, 长寿路, 普陀
84472, 1100, 长寿路, 普陀
58380, 620, 长寿路, 普陀
69374, 1100, 长寿路, 普陀
55722, 890, 长寿路, 普陀
56662, 799, 长寿路, 普陀
89065, 1300, 长寿路, 普陀
85635, 310, 长寿路, 普陀
82971, 880, 长寿路, 普陀
71215, 263, 长寿路, 普陀
75259, 550, 长寿路, 普陀
90918, 850, 长寿路, 普陀
78559, 528, 长寿路, 普陀
103806, 300, 长寿路, 普陀
63420, 280, 曹杨, 普陀
67846, 690, 曹杨, 普陀
64057, 275, 曹杨, 普陀
65899, 315, 曹杨, 普陀
63547, 220, 曹杨, 普陀
64825, 439, 曹杨, 普陀
57406, 255, 曹杨, 普陀
66146, 356, 曹杨, 普陀
60670, 340, 曹杨, 普陀
57065, 168, 曹杨, 普陀
68605, 210, 曹杨, 普陀
63073, 275, 曹杨, 普陀
64642, 330, 曹杨, 普陀
62287, 275, 曹杨, 普陀
66433, 228, 曹杨, 普陀
63131, 400, 曹杨, 普陀
63734, 200, 曹杨, 普陀
60710, 265, 曹杨, 普陀
59728, 260, 曹杨, 普陀
66006, 400, 曹杨, 普陀
62222, 238, 曹杨, 普陀
60558, 230, 曹杨, 普陀
65873, 670, 曹杨, 普陀
55056, 190, 曹杨, 普陀
60248, 408, 曹杨, 普陀
63004, 390, 曹杨, 普陀
63643, 240, 曹杨, 普陀
65615, 895, 曹杨, 普陀
65348, 400, 曹杨, 普陀
67724, 640, 曹杨, 普陀
60416, 290, 甘泉宜川, 普陀
57803, 280, 甘泉宜川, 普陀
51092, 180, 甘泉宜川, 普陀
53084, 185, 甘泉宜川, 普陀
47412, 175, 甘泉宜川, 普陀
56546, 260, 甘泉宜川, 普陀
53466, 283, 甘泉宜川, 普陀
55682, 340, 甘泉宜川, 普陀
57959, 150, 甘泉宜川, 普陀
56202, 280, 甘泉宜川, 普陀
53960, 280, 甘泉宜川, 普陀
58739, 205, 甘泉宜川, 普陀
49573, 215, 甘泉宜川, 普陀
51622, 175, 甘泉宜川, 普陀
45434, 210, 甘泉宜川, 普陀
55578, 405, 甘泉宜川, 普陀
50835, 210, 甘泉宜川, 普陀
53310, 500, 甘泉宜川, 普陀
55926, 243, 甘泉宜川, 普陀
54970, 282, 甘泉宜川, 普陀
60975, 250, 甘泉宜川, 普陀
56927, 166, 甘泉宜川, 普陀
54064, 290, 甘泉宜川, 普陀
50509, 243, 甘泉宜川, 普陀
58763, 230, 甘泉宜川, 普陀
51803, 135, 甘泉宜川, 普陀
60000, 330, 甘泉宜川, 普陀
59210, 225, 甘泉宜川, 普陀
54013, 288, 甘泉宜川, 普陀
57290, 200, 甘泉宜川, 普陀
79325, 1100, 光新, 普陀
59540, 210, 光新, 普陀
81354, 860, 光新, 普陀
57251, 180, 光新, 普陀
60891, 265, 光新, 普陀
60096, 275, 光新, 普陀
69913, 435, 光新, 普陀
55734, 450, 光新, 普陀
65197, 420, 光新, 普陀
62138, 215, 光新, 普陀
60332, 395, 光新, 普陀
52137, 200, 光新, 普陀
63022, 430, 光新, 普陀
57892, 300, 光新, 普陀
65359, 370, 光新, 普陀
57803, 200, 光新, 普陀
66844, 275, 光新, 普陀
54483, 305, 光新, 普陀
87026, 650, 光新, 普陀
65928, 250, 光新, 普陀
60483, 315, 光新, 普陀
58062, 202, 光新, 普陀
60271, 235, 光新, 普陀
65973, 400, 光新, 普陀
60877, 265, 光新, 普陀
51087, 545, 光新, 普陀
57575, 228, 光新, 普陀
62893, 210, 光新, 普陀
62713, 330, 光新, 普陀
76282, 980, 光新, 普陀
42897, 180, 桃浦, 普陀
42592, 230, 桃浦, 普陀
49430, 165, 桃浦, 普陀
45068, 430, 桃浦, 普陀
41860, 180, 桃浦, 普陀
54831, 488, 桃浦, 普陀
61327, 860, 桃浦, 普陀
39835, 242, 桃浦, 普陀
40514, 252, 桃浦, 普陀
43688, 235, 桃浦, 普陀
41904, 250, 桃浦, 普陀
51276, 450, 桃浦, 普陀
43281, 182, 桃浦, 普陀
40592, 178, 桃浦, 普陀
46449, 225, 桃浦, 普陀
40801, 220, 桃浦, 普陀
43777, 197, 桃浦, 普陀
41906, 240, 桃浦, 普陀
45435, 220, 桃浦, 普陀
42851, 232, 桃浦, 普陀
46739, 200, 桃浦, 普陀
42406, 253, 桃浦, 普陀
42573, 182, 桃浦, 普陀
50839, 330, 桃浦, 普陀
44910, 345, 桃浦, 普陀
40023, 272, 桃浦, 普陀
58255, 380, 桃浦, 普陀
39807, 290, 桃浦, 普陀
53147, 260, 桃浦, 普陀
47349, 268, 桃浦, 普陀
66331, 660, 万里, 普陀
63891, 640, 万里, 普陀
73060, 790, 万里, 普陀
71340, 580, 万里, 普陀
55642, 500, 万里, 普陀
68128, 730, 万里, 普陀
59232, 290, 万里, 普陀
72358, 695, 万里, 普陀
72674, 450, 万里, 普陀
62127, 698, 万里, 普陀
68549, 585, 万里, 普陀
57688, 260, 万里, 普陀
69110, 445, 万里, 普陀
67307, 420, 万里, 普陀
55931, 380, 万里, 普陀
48151, 310, 万里, 普陀
62902, 830, 万里, 普陀
50083, 270, 万里, 普陀
69141, 730, 万里, 普陀
71888, 435, 万里, 普陀
70068, 1030, 万里, 普陀
69994, 931, 万里, 普陀
49723, 900, 万里, 普陀
72799, 770, 万里, 普陀
72479, 680, 万里, 普陀
61627, 530, 万里, 普陀
67697, 670, 万里, 普陀
60606, 600, 万里, 普陀
74019, 700, 万里, 普陀
58583, 890, 万里, 普陀
76615, 880, 武宁, 普陀
85337, 440, 武宁, 普陀
82441, 1240, 武宁, 普陀
62893, 390, 武宁, 普陀
76869, 775, 武宁, 普陀
94129, 550, 武宁, 普陀
61774, 410, 武宁, 普陀
66234, 225, 武宁, 普陀
82097, 620, 武宁, 普陀
83235, 710, 武宁, 普陀
64639, 880, 武宁, 普陀
69491, 410, 武宁, 普陀
97213, 750, 武宁, 普陀
78538, 830, 武宁, 普陀
69568, 430, 武宁, 普陀
82210, 1080, 武宁, 普陀
76908, 413, 武宁, 普陀
79766, 1120, 武宁, 普陀
73392, 550, 武宁, 普陀
63717, 229, 武宁, 普陀
65399, 430, 武宁, 普陀
72057, 540, 武宁, 普陀
79548, 1100, 武宁, 普陀
80026, 960, 武宁, 普陀
75739, 256, 武宁, 普陀
70641, 250, 武宁, 普陀
60425, 630, 武宁, 普陀
81273, 240, 武宁, 普陀
94874, 870, 武宁, 普陀
84780, 830, 武宁, 普陀
45519, 510, 真光, 普陀
48606, 485, 真光, 普陀
48543, 320, 真光, 普陀
50661, 360, 真光, 普陀
54110, 570, 真光, 普陀
43617, 340, 真光, 普陀
49630, 235, 真光, 普陀
52290, 395, 真光, 普陀
50869, 240, 真光, 普陀
55399, 355, 真光, 普陀
51612, 600, 真光, 普陀
54209, 255, 真光, 普陀
55214, 270, 真光, 普陀
51744, 445, 真光, 普陀
50754, 380, 真光, 普陀
47966, 565, 真光, 普陀
44135, 365, 真光, 普陀
58555, 565, 真光, 普陀
65253, 745, 真光, 普陀
48719, 580, 真光, 普陀
57323, 326, 真光, 普陀
57331, 208, 真光, 普陀
44731, 520, 真光, 普陀
48240, 580, 真光, 普陀
55664, 398, 真光, 普陀
54347, 430, 真光, 普陀
54644, 390, 真光, 普陀
55611, 440, 真光, 普陀
53094, 350, 真光, 普陀
57113, 395, 真光, 普陀
66728, 500, 真如, 普陀
58359, 340, 真如, 普陀
52782, 240, 真如, 普陀
54432, 455, 真如, 普陀
61270, 710, 真如, 普陀
53282, 375, 真如, 普陀
58865, 900, 真如, 普陀
63296, 810, 真如, 普陀
58657, 270, 真如, 普陀
63028, 730, 真如, 普陀
60899, 195, 真如, 普陀
56644, 260, 真如, 普陀
69785, 540, 真如, 普陀
62713, 550, 真如, 普陀
53568, 310, 真如, 普陀
58093, 220, 真如, 普陀
60296, 195, 真如, 普陀
60120, 240, 真如, 普陀
60402, 225, 真如, 普陀
50470, 220, 真如, 普陀
58175, 650, 真如, 普陀
57504, 200, 真如, 普陀
61718, 385, 真如, 普陀
62229, 360, 真如, 普陀
69664, 550, 真如, 普陀
52955, 490, 真如, 普陀
62041, 440, 真如, 普陀
59819, 212, 真如, 普陀
63240, 470, 真如, 普陀
55789, 305, 真如, 普陀
71846, 700, 中远两湾城, 普陀
67186, 750, 中远两湾城, 普陀
72160, 880, 中远两湾城, 普陀
79517, 580, 中远两湾城, 普陀
63808, 890, 中远两湾城, 普陀
71933, 1150, 中远两湾城, 普陀
81421, 550, 中远两湾城, 普陀
83654, 630, 中远两湾城, 普陀
75852, 730, 中远两湾城, 普陀
67880, 738, 中远两湾城, 普陀
68279, 700, 中远两湾城, 普陀
76891, 940, 中远两湾城, 普陀
84733, 580, 中远两湾城, 普陀
79845, 580, 中远两湾城, 普陀
83822, 500, 中远两湾城, 普陀
62630, 180, 中远两湾城, 普陀
64850, 1100, 中远两湾城, 普陀
71477, 730, 中远两湾城, 普陀
72555, 1030, 中远两湾城, 普陀
69690, 670, 中远两湾城, 普陀
67537, 760, 中远两湾城, 普陀
67773, 1000, 中远两湾城, 普陀
72730, 710, 中远两湾城, 普陀
69545, 1050, 中远两湾城, 普陀
73304, 1560, 中远两湾城, 普陀
67653, 960, 中远两湾城, 普陀
69194, 980, 中远两湾城, 普陀
76427, 760, 中远两湾城, 普陀
78400, 980, 中远两湾城, 普陀
69889, 720, 中远两湾城, 普陀
68203, 420, 鞍山, 杨浦
73271, 196, 鞍山, 杨浦
69644, 315, 鞍山, 杨浦
60774, 240, 鞍山, 杨浦
73684, 420, 鞍山, 杨浦
62525, 310, 鞍山, 杨浦
65977, 185, 鞍山, 杨浦
64668, 205, 鞍山, 杨浦
62866, 300, 鞍山, 杨浦
77048, 660, 鞍山, 杨浦
66889, 360, 鞍山, 杨浦
75900, 685, 鞍山, 杨浦
77777, 350, 鞍山, 杨浦
71328, 510, 鞍山, 杨浦
72751, 220, 鞍山, 杨浦
69252, 625, 鞍山, 杨浦
69701, 222, 鞍山, 杨浦
69247, 220, 鞍山, 杨浦
85647, 330, 鞍山, 杨浦
86437, 420, 鞍山, 杨浦
74706, 280, 鞍山, 杨浦
76893, 400, 鞍山, 杨浦
70707, 350, 鞍山, 杨浦
85621, 265, 鞍山, 杨浦
73621, 235, 鞍山, 杨浦
69023, 330, 鞍山, 杨浦
80118, 378, 鞍山, 杨浦
61516, 215, 鞍山, 杨浦
72358, 239, 鞍山, 杨浦
62768, 365, 鞍山, 杨浦
71114, 210, 控江路, 杨浦
68521, 335, 控江路, 杨浦
65088, 220, 控江路, 杨浦
61844, 230, 控江路, 杨浦
69140, 898, 控江路, 杨浦
61119, 415, 控江路, 杨浦
62222, 280, 控江路, 杨浦
74969, 735, 控江路, 杨浦
62500, 208, 控江路, 杨浦
66960, 258, 控江路, 杨浦
95238, 600, 控江路, 杨浦
57915, 300, 控江路, 杨浦
75923, 339, 控江路, 杨浦
69914, 785, 控江路, 杨浦
69402, 318, 控江路, 杨浦
48092, 145, 控江路, 杨浦
67142, 320, 控江路, 杨浦
76218, 749, 控江路, 杨浦
60150, 200, 控江路, 杨浦
63074, 439, 控江路, 杨浦
52241, 310, 控江路, 杨浦
62607, 328, 控江路, 杨浦
76540, 800, 控江路, 杨浦
55355, 200, 控江路, 杨浦
50923, 215, 控江路, 杨浦
61278, 210, 控江路, 杨浦
62052, 208, 控江路, 杨浦
63666, 740, 控江路, 杨浦
66389, 719, 控江路, 杨浦
80701, 460, 控江路, 杨浦
58007, 615, 五角场, 杨浦
58071, 645, 五角场, 杨浦
64128, 320, 五角场, 杨浦
72727, 360, 五角场, 杨浦
72463, 310, 五角场, 杨浦
64892, 495, 五角场, 杨浦
51317, 220, 五角场, 杨浦
63279, 330, 五角场, 杨浦
71301, 360, 五角场, 杨浦
74085, 498, 五角场, 杨浦
60166, 303, 五角场, 杨浦
67634, 340, 五角场, 杨浦
62372, 640, 五角场, 杨浦
52832, 360, 五角场, 杨浦
59138, 475, 五角场, 杨浦
74307, 306, 五角场, 杨浦
68010, 830, 五角场, 杨浦
54483, 305, 五角场, 杨浦
70005, 390, 五角场, 杨浦
67704, 300, 五角场, 杨浦
64325, 610, 五角场, 杨浦
59960, 273, 五角场, 杨浦
55817, 320, 五角场, 杨浦
70106, 610, 五角场, 杨浦
77531, 245, 五角场, 杨浦
71615, 328, 五角场, 杨浦
64308, 300, 五角场, 杨浦
73529, 420, 五角场, 杨浦
70422, 580, 五角场, 杨浦
65080, 870, 五角场, 杨浦
83379, 1350, 新江湾城, 杨浦
82632, 1365, 新江湾城, 杨浦
67094, 586, 新江湾城, 杨浦
75819, 650, 新江湾城, 杨浦
79762, 1180, 新江湾城, 杨浦
79380, 820, 新江湾城, 杨浦
76427, 855, 新江湾城, 杨浦
88215, 1700, 新江湾城, 杨浦
83935, 1650, 新江湾城, 杨浦
53041, 2600, 新江湾城, 杨浦
85004, 1700, 新江湾城, 杨浦
69430, 670, 新江湾城, 杨浦
91407, 1800, 新江湾城, 杨浦
77477, 710, 新江湾城, 杨浦
97987, 2050, 新江湾城, 杨浦
38403, 2550, 新江湾城, 杨浦
58962, 2500, 新江湾城, 杨浦
94334, 1700, 新江湾城, 杨浦
96548, 1950, 新江湾城, 杨浦
71704, 630, 新江湾城, 杨浦
78953, 1280, 新江湾城, 杨浦
86692, 1430, 新江湾城, 杨浦
74263, 610, 新江湾城, 杨浦
76265, 660, 新江湾城, 杨浦
81769, 1120, 新江湾城, 杨浦
79226, 860, 新江湾城, 杨浦
96520, 810, 新江湾城, 杨浦
70986, 620, 新江湾城, 杨浦
71884, 1700, 新江湾城, 杨浦
96312, 1400, 新江湾城, 杨浦
83466, 1200, 周家嘴路, 杨浦
60846, 230, 周家嘴路, 杨浦
65839, 260, 周家嘴路, 杨浦
65518, 350, 周家嘴路, 杨浦
57936, 365, 周家嘴路, 杨浦
67826, 312, 周家嘴路, 杨浦
69182, 330, 周家嘴路, 杨浦
60544, 300, 周家嘴路, 杨浦
79222, 530, 周家嘴路, 杨浦
59214, 445, 周家嘴路, 杨浦
62565, 418, 周家嘴路, 杨浦
71223, 495, 周家嘴路, 杨浦
66666, 480, 周家嘴路, 杨浦
74576, 220, 周家嘴路, 杨浦
59215, 222, 周家嘴路, 杨浦
60139, 320, 周家嘴路, 杨浦
65113, 260, 周家嘴路, 杨浦
66736, 510, 周家嘴路, 杨浦
62000, 310, 周家嘴路, 杨浦
68889, 250, 周家嘴路, 杨浦
55248, 220, 周家嘴路, 杨浦
75610, 780, 周家嘴路, 杨浦
63336, 265, 周家嘴路, 杨浦
67835, 298, 周家嘴路, 杨浦
47286, 1090, 周家嘴路, 杨浦
48497, 355, 周家嘴路, 杨浦
57756, 395, 周家嘴路, 杨浦
76138, 470, 周家嘴路, 杨浦
53813, 175, 周家嘴路, 杨浦
60958, 220, 周家嘴路, 杨浦
51276, 225, 中原, 杨浦
65600, 820, 中原, 杨浦
68134, 950, 中原, 杨浦
53206, 195, 中原, 杨浦
59337, 360, 中原, 杨浦
56689, 225, 中原, 杨浦
57064, 355, 中原, 杨浦
64294, 450, 中原, 杨浦
51129, 360, 中原, 杨浦
55073, 400, 中原, 杨浦
55253, 315, 中原, 杨浦
50803, 215, 中原, 杨浦
59171, 260, 中原, 杨浦
57211, 263, 中原, 杨浦
57846, 289, 中原, 杨浦
60846, 230, 中原, 杨浦
62145, 405, 中原, 杨浦
68102, 860, 中原, 杨浦
52631, 230, 中原, 杨浦
61787, 450, 中原, 杨浦
57388, 400, 中原, 杨浦
54665, 232, 中原, 杨浦
60362, 420, 中原, 杨浦
50966, 385, 中原, 杨浦
59382, 200, 中原, 杨浦
58593, 240, 中原, 杨浦
56522, 276, 中原, 杨浦
61178, 900, 中原, 杨浦
64697, 230, 中原, 杨浦
54631, 230, 中原, 杨浦
59673, 380, 北新泾, 长宁
63841, 595, 北新泾, 长宁
64921, 315, 北新泾, 长宁
61617, 275, 北新泾, 长宁
58729, 220, 北新泾, 长宁
62949, 245, 北新泾, 长宁
66629, 240, 北新泾, 长宁
59693, 315, 北新泾, 长宁
63681, 330, 北新泾, 长宁
59628, 279, 北新泾, 长宁
63464, 255, 北新泾, 长宁
60963, 300, 北新泾, 长宁
64868, 380, 北新泾, 长宁
60017, 210, 北新泾, 长宁
64649, 530, 北新泾, 长宁
67670, 310, 北新泾, 长宁
65798, 500, 北新泾, 长宁
68823, 900, 北新泾, 长宁
73529, 750, 北新泾, 长宁
48863, 860, 北新泾, 长宁
63420, 280, 北新泾, 长宁
55004, 305, 北新泾, 长宁
63616, 260, 北新泾, 长宁
70953, 320, 北新泾, 长宁
71691, 390, 北新泾, 长宁
77258, 460, 北新泾, 长宁
72190, 230, 北新泾, 长宁
67150, 370, 北新泾, 长宁
59786, 230, 北新泾, 长宁
73937, 440, 北新泾, 长宁
57759, 920, 古北, 长宁
60922, 980, 古北, 长宁
64944, 850, 古北, 长宁
65427, 880, 古北, 长宁
97533, 1550, 古北, 长宁
91799, 1350, 古北, 长宁
72681, 580, 古北, 长宁
109213, 1720, 古北, 长宁
99080, 690, 古北, 长宁
124664, 1300, 古北, 长宁
59193, 630, 古北, 长宁
106979, 1050, 古北, 长宁
103776, 1495, 古北, 长宁
58688, 1100, 古北, 长宁
86997, 1470, 古北, 长宁
87036, 1800, 古北, 长宁
65709, 860, 古北, 长宁
67826, 780, 古北, 长宁
84777, 1238, 古北, 长宁
100169, 2300, 古北, 长宁
127849, 2900, 古北, 长宁
68751, 365, 古北, 长宁
99903, 1550, 古北, 长宁
63941, 330, 古北, 长宁
60003, 1200, 古北, 长宁
52693, 850, 古北, 长宁
66173, 680, 古北, 长宁
101655, 1578, 古北, 长宁
110443, 1820, 古北, 长宁
85030, 1390, 古北, 长宁
106768, 1150, 虹桥, 长宁
79012, 640, 虹桥, 长宁
52261, 878, 虹桥, 长宁
83883, 1500, 虹桥, 长宁
67913, 345, 虹桥, 长宁
73882, 415, 虹桥, 长宁
87636, 1568, 虹桥, 长宁
67379, 460, 虹桥, 长宁
56717, 1250, 虹桥, 长宁
65179, 850, 虹桥, 长宁
75987, 225, 虹桥, 长宁
88053, 1550, 虹桥, 长宁
74383, 570, 虹桥, 长宁
76923, 300, 虹桥, 长宁
72434, 360, 虹桥, 长宁
82323, 700, 虹桥, 长宁
53800, 850, 虹桥, 长宁
62592, 255, 虹桥, 长宁
75636, 660, 虹桥, 长宁
72854, 270, 虹桥, 长宁
64464, 320, 虹桥, 长宁
71881, 340, 虹桥, 长宁
66666, 320, 虹桥, 长宁
71041, 275, 虹桥, 长宁
73000, 365, 虹桥, 长宁
91213, 1280, 虹桥, 长宁
87114, 240, 虹桥, 长宁
86580, 400, 虹桥, 长宁
74064, 578, 虹桥, 长宁
68481, 420, 虹桥, 长宁
105555, 950, 天山, 长宁
97164, 778, 天山, 长宁
92998, 700, 天山, 长宁
81220, 1150, 天山, 长宁
77407, 418, 天山, 长宁
107392, 1550, 天山, 长宁
86615, 530, 天山, 长宁
99829, 760, 天山, 长宁
94433, 850, 天山, 长宁
72119, 1200, 天山, 长宁
64264, 990, 天山, 长宁
73782, 920, 天山, 长宁
60226, 1000, 天山, 长宁
104059, 528, 天山, 长宁
97299, 800, 天山, 长宁
80700, 470, 天山, 长宁
79275, 1120, 天山, 长宁
80645, 1000, 天山, 长宁
76020, 1030, 天山, 长宁
69428, 1200, 天山, 长宁
78677, 1780, 天山, 长宁
69930, 260, 天山, 长宁
84269, 750, 天山, 长宁
94169, 835, 天山, 长宁
98922, 900, 天山, 长宁
84641, 1450, 天山, 长宁
91582, 680, 天山, 长宁
69356, 1100, 天山, 长宁
96332, 880, 天山, 长宁
88555, 1368, 天山, 长宁
63656, 258, 西郊, 长宁
63888, 345, 西郊, 长宁
61143, 400, 西郊, 长宁
62747, 285, 西郊, 长宁
67264, 240, 西郊, 长宁
66897, 270, 西郊, 长宁
60105, 240, 西郊, 长宁
62157, 340, 西郊, 长宁
85910, 2000, 西郊, 长宁
66945, 320, 西郊, 长宁
75953, 880, 西郊, 长宁
73589, 715, 西郊, 长宁
127254, 7500, 西郊, 长宁
58331, 495, 西郊, 长宁
69967, 968, 西郊, 长宁
56617, 385, 西郊, 长宁
72768, 710, 西郊, 长宁
44452, 260, 西郊, 长宁
62500, 375, 西郊, 长宁
66897, 270, 西郊, 长宁
61507, 1550, 西郊, 长宁
58945, 907, 西郊, 长宁
60508, 262, 西郊, 长宁
58333, 210, 西郊, 长宁
63159, 335, 西郊, 长宁
61565, 1050, 西郊, 长宁
58567, 930, 西郊, 长宁
62847, 418, 西郊, 长宁
62041, 820, 西郊, 长宁
70308, 1350, 西郊, 长宁
61486, 455, 仙霞, 长宁
67668, 500, 仙霞, 长宁
74349, 520, 仙霞, 长宁
62500, 250, 仙霞, 长宁
84444, 380, 仙霞, 长宁
66296, 430, 仙霞, 长宁
77851, 400, 仙霞, 长宁
56156, 405, 仙霞, 长宁
64948, 315, 仙霞, 长宁
62322, 285, 仙霞, 长宁
70483, 410, 仙霞, 长宁
69424, 490, 仙霞, 长宁
70863, 385, 仙霞, 长宁
65058, 348, 仙霞, 长宁
61098, 395, 仙霞, 长宁
63950, 259, 仙霞, 长宁
72919, 559, 仙霞, 长宁
74962, 250, 仙霞, 长宁
72555, 460, 仙霞, 长宁
61541, 269, 仙霞, 长宁
69579, 258, 仙霞, 长宁
68896, 412, 仙霞, 长宁
72278, 425, 仙霞, 长宁
67351, 439, 仙霞, 长宁
67417, 455, 仙霞, 长宁
72025, 250, 仙霞, 长宁
72308, 270, 仙霞, 长宁
61111, 385, 仙霞, 长宁
65167, 310, 仙霞, 长宁
76476, 830, 仙霞, 长宁
86390, 405, 镇宁路, 长宁
105063, 830, 镇宁路, 长宁
81411, 360, 镇宁路, 长宁
74187, 1020, 镇宁路, 长宁
93710, 1420, 镇宁路, 长宁
105820, 580, 镇宁路, 长宁
76412, 1060, 镇宁路, 长宁
89718, 315, 镇宁路, 长宁
90795, 510, 镇宁路, 长宁
87787, 1250, 镇宁路, 长宁
82825, 435, 镇宁路, 长宁
79365, 760, 镇宁路, 长宁
77256, 730, 镇宁路, 长宁
95024, 1100, 镇宁路, 长宁
80829, 780, 镇宁路, 长宁
108189, 1000, 镇宁路, 长宁
80768, 265, 镇宁路, 长宁
77002, 445, 镇宁路, 长宁
97514, 2350, 镇宁路, 长宁
164021, 3100, 镇宁路, 长宁
117226, 1180, 镇宁路, 长宁
74971, 1040, 镇宁路, 长宁
98323, 1050, 镇宁路, 长宁
88523, 415, 镇宁路, 长宁
112781, 900, 镇宁路, 长宁
87291, 430, 镇宁路, 长宁
101696, 1780, 镇宁路, 长宁
95410, 395, 镇宁路, 长宁
95063, 570, 镇宁路, 长宁
102361, 1500, 镇宁路, 长宁
68869, 296, 中山公园, 长宁
82287, 485, 中山公园, 长宁
75497, 330, 中山公园, 长宁
77694, 248, 中山公园, 长宁
80859, 869, 中山公园, 长宁
89892, 1230, 中山公园, 长宁
75180, 375, 中山公园, 长宁
75436, 980, 中山公园, 长宁
105836, 680, 中山公园, 长宁
86317, 270, 中山公园, 长宁
71953, 450, 中山公园, 长宁
92962, 535, 中山公园, 长宁
68930, 335, 中山公园, 长宁
76434, 373, 中山公园, 长宁
74193, 230, 中山公园, 长宁
53503, 310, 中山公园, 长宁
63567, 320, 中山公园, 长宁
75262, 265, 中山公园, 长宁
70497, 400, 中山公园, 长宁
81694, 1350, 中山公园, 长宁
81168, 900, 中山公园, 长宁
83175, 570, 中山公园, 长宁
75998, 550, 中山公园, 长宁
67114, 190, 中山公园, 长宁
78859, 1200, 中山公园, 长宁
61711, 220, 中山公园, 长宁
67816, 350, 中山公园, 长宁
76675, 310, 中山公园, 长宁
74500, 298, 中山公园, 长宁
80944, 480, 中山公园, 长宁
29328, 135, 车墩, 松江
29021, 260, 车墩, 松江
27373, 190, 车墩, 松江
30286, 270, 车墩, 松江
30898, 275, 车墩, 松江
36608, 430, 车墩, 松江
24256, 300, 车墩, 松江
28815, 610, 车墩, 松江
29746, 248, 车墩, 松江
29945, 175, 车墩, 松江
28855, 200, 车墩, 松江
30033, 270, 车墩, 松江
33095, 278, 车墩, 松江
31521, 145, 车墩, 松江
34375, 110, 车墩, 松江
28901, 170, 车墩, 松江
27412, 392, 车墩, 松江
31024, 215, 车墩, 松江
28787, 240, 车墩, 松江
24626, 330, 车墩, 松江
35467, 118, 车墩, 松江
43983, 390, 车墩, 松江
36068, 120, 车墩, 松江
39074, 130, 车墩, 松江
32022, 285, 车墩, 松江
31559, 105, 车墩, 松江
32587, 150, 车墩, 松江
31485, 280, 车墩, 松江
40449, 360, 车墩, 松江
33291, 295, 车墩, 松江
51702, 208, 九亭, 松江
48249, 630, 九亭, 松江
42533, 370, 九亭, 松江
43130, 361, 九亭, 松江
54587, 235, 九亭, 松江
49652, 450, 九亭, 松江
48614, 435, 九亭, 松江
45121, 407, 九亭, 松江
42194, 310, 九亭, 松江
48529, 198, 九亭, 松江
50579, 410, 九亭, 松江
43668, 550, 九亭, 松江
46107, 305, 九亭, 松江
43572, 400, 九亭, 松江
38845, 455, 九亭, 松江
51708, 230, 九亭, 松江
39222, 480, 九亭, 松江
51251, 213, 九亭, 松江
45560, 490, 九亭, 松江
46216, 620, 九亭, 松江
50875, 430, 九亭, 松江
47165, 500, 九亭, 松江
35679, 400, 九亭, 松江
51860, 485, 九亭, 松江
48181, 318, 九亭, 松江
50293, 445, 九亭, 松江
56155, 660, 九亭, 松江
50015, 650, 九亭, 松江
46692, 420, 九亭, 松江
40156, 700, 九亭, 松江
35333, 275, 泗泾, 松江
39856, 310, 泗泾, 松江
34901, 325, 泗泾, 松江
37120, 345, 泗泾, 松江
37271, 365, 泗泾, 松江
34149, 318, 泗泾, 松江
34381, 270, 泗泾, 松江
39840, 370, 泗泾, 松江
35043, 278, 泗泾, 松江
34244, 470, 泗泾, 松江
39708, 360, 泗泾, 松江
35497, 252, 泗泾, 松江
47869, 1500, 泗泾, 松江
46248, 900, 泗泾, 松江
42820, 235, 泗泾, 松江
36337, 475, 泗泾, 松江
36206, 465, 泗泾, 松江
35805, 450, 泗泾, 松江
37979, 370, 泗泾, 松江
34173, 320, 泗泾, 松江
35276, 328, 泗泾, 松江
38154, 253, 泗泾, 松江
43923, 399, 泗泾, 松江
32929, 258, 泗泾, 松江
35546, 242, 泗泾, 松江
34331, 250, 泗泾, 松江
40331, 360, 泗泾, 松江
35724, 248, 泗泾, 松江
31943, 285, 泗泾, 松江
44677, 400, 泗泾, 松江
47634, 285, 松江大学城, 松江
41641, 550, 松江大学城, 松江
44891, 268, 松江大学城, 松江
53435, 700, 松江大学城, 松江
46981, 498, 松江大学城, 松江
44090, 410, 松江大学城, 松江
43223, 450, 松江大学城, 松江
41358, 520, 松江大学城, 松江
46383, 270, 松江大学城, 松江
43210, 478, 松江大学城, 松江
45362, 270, 松江大学城, 松江
44354, 590, 松江大学城, 松江
59375, 380, 松江大学城, 松江
44357, 500, 松江大学城, 松江
45283, 480, 松江大学城, 松江
42606, 240, 松江大学城, 松江
46715, 480, 松江大学城, 松江
43959, 385, 松江大学城, 松江
43812, 285, 松江大学城, 松江
41921, 460, 松江大学城, 松江
48134, 280, 松江大学城, 松江
52343, 670, 松江大学城, 松江
48115, 900, 松江大学城, 松江
41063, 525, 松江大学城, 松江
41825, 385, 松江大学城, 松江
45632, 292, 松江大学城, 松江
41555, 328, 松江大学城, 松江
30235, 420, 松江大学城, 松江
30382, 405, 松江大学城, 松江
32170, 405, 松江大学城, 松江
48296, 190, 松江老城, 松江
36966, 213, 松江老城, 松江
34838, 226, 松江老城, 松江
36075, 275, 松江老城, 松江
38274, 213, 松江老城, 松江
36288, 255, 松江老城, 松江
37638, 285, 松江老城, 松江
37162, 285, 松江老城, 松江
34394, 378, 松江老城, 松江
33362, 268, 松江老城, 松江
34530, 200, 松江老城, 松江
32760, 263, 松江老城, 松江
37500, 195, 松江老城, 松江
37500, 195, 松江老城, 松江
35219, 290, 松江老城, 松江
32329, 290, 松江老城, 松江
41156, 400, 松江老城, 松江
32731, 310, 松江老城, 松江
40384, 210, 松江老城, 松江
29914, 350, 松江老城, 松江
37418, 138, 松江老城, 松江
30105, 235, 松江老城, 松江
38771, 125, 松江老城, 松江
38887, 130, 松江老城, 松江
33164, 170, 松江老城, 松江
35338, 195, 松江老城, 松江
37078, 132, 松江老城, 松江
39655, 230, 松江老城, 松江
38846, 202, 松江老城, 松江
29540, 230, 松江老城, 松江
37440, 385, 松江新城, 松江
33333, 340, 松江新城, 松江
35135, 650, 松江新城, 松江
33063, 360, 松江新城, 松江
33181, 460, 松江新城, 松江
38009, 420, 松江新城, 松江
31665, 300, 松江新城, 松江
34534, 550, 松江新城, 松江
31971, 328, 松江新城, 松江
33275, 270, 松江新城, 松江
36806, 438, 松江新城, 松江
36842, 700, 松江新城, 松江
55834, 3500, 松江新城, 松江
39929, 360, 松江新城, 松江
38639, 500, 松江新城, 松江
35158, 305, 松江新城, 松江
38408, 333, 松江新城, 松江
37500, 450, 松江新城, 松江
36781, 320, 松江新城, 松江
34772, 530, 松江新城, 松江
34514, 265, 松江新城, 松江
34486, 325, 松江新城, 松江
32405, 396, 松江新城, 松江
35230, 520, 松江新城, 松江
35547, 320, 松江新城, 松江
36666, 440, 松江新城, 松江
49083, 225, 松江新城, 松江
36299, 155, 松江新城, 松江
32885, 365, 松江新城, 松江
38596, 880, 松江新城, 松江
58096, 3800, 佘山, 松江
32544, 1650, 佘山, 松江
38662, 1360, 佘山, 松江
55857, 4300, 佘山, 松江
31929, 188, 佘山, 松江
44823, 1298, 佘山, 松江
63451, 5000, 佘山, 松江
50420, 3000, 佘山, 松江
30303, 1000, 佘山, 松江
74728, 7000, 佘山, 松江
29330, 255, 佘山, 松江
26836, 950, 佘山, 松江
28000, 168, 佘山, 松江
40891, 1200, 佘山, 松江
29082, 1300, 佘山, 松江
101626, 3400, 佘山, 松江
38369, 1600, 佘山, 松江
32791, 928, 佘山, 松江
32229, 925, 佘山, 松江
29438, 1350, 佘山, 松江
57843, 3000, 佘山, 松江
102055, 4320, 佘山, 松江
23807, 320, 佘山, 松江
63353, 4800, 佘山, 松江
89982, 9000, 佘山, 松江
33333, 1100, 佘山, 松江
39515, 1250, 佘山, 松江
35190, 1200, 佘山, 松江
46025, 1100, 佘山, 松江
52215, 1500, 佘山, 松江
35951, 320, 莘闵别墅, 松江
50364, 760, 莘闵别墅, 松江
38857, 385, 莘闵别墅, 松江
43484, 315, 莘闵别墅, 松江
39053, 335, 莘闵别墅, 松江
37647, 770, 莘闵别墅, 松江
40795, 605, 莘闵别墅, 松江
44747, 1400, 莘闵别墅, 松江
51509, 1280, 莘闵别墅, 松江
54834, 710, 莘闵别墅, 松江
42837, 250, 莘闵别墅, 松江
44451, 300, 莘闵别墅, 松江
39535, 630, 莘闵别墅, 松江
40097, 560, 莘闵别墅, 松江
40748, 760, 莘闵别墅, 松江
39325, 350, 莘闵别墅, 松江
41314, 880, 莘闵别墅, 松江
48283, 900, 莘闵别墅, 松江
36034, 330, 莘闵别墅, 松江
36699, 370, 莘闵别墅, 松江
62393, 550, 莘闵别墅, 松江
47788, 430, 莘闵别墅, 松江
33803, 830, 莘闵别墅, 松江
36198, 315, 莘闵别墅, 松江
34745, 880, 莘闵别墅, 松江
43947, 920, 莘闵别墅, 松江
32876, 580, 莘闵别墅, 松江
48098, 960, 莘闵别墅, 松江
41124, 240, 莘闵别墅, 松江
33367, 295, 莘闵别墅, 松江
35138, 650, 新桥, 松江
29192, 290, 新桥, 松江
31343, 210, 新桥, 松江
29579, 218, 新桥, 松江
34379, 380, 新桥, 松江
34386, 185, 新桥, 松江
38854, 175, 新桥, 松江
48290, 1250, 新桥, 松江
32820, 175, 新桥, 松江
40935, 950, 新桥, 松江
31353, 750, 新桥, 松江
47796, 900, 新桥, 松江
34550, 300, 新桥, 松江
35765, 325, 新桥, 松江
29427, 225, 新桥, 松江
51058, 820, 新桥, 松江
22890, 210, 新桥, 松江
28846, 750, 新桥, 松江
24497, 335, 新桥, 松江
31661, 435, 新桥, 松江
36253, 180, 新桥, 松江
24793, 530, 新桥, 松江
34026, 180, 新桥, 松江
32763, 295, 新桥, 松江
32890, 255, 新桥, 松江
31343, 272, 新桥, 松江
32797, 300, 新桥, 松江
34026, 180, 新桥, 松江
35799, 1500, 新桥, 松江
30401, 225, 新桥, 松江
19772, 240, 叶榭, 松江
31899, 330, 安亭, 嘉定
29132, 230, 安亭, 嘉定
37837, 518, 安亭, 嘉定
34536, 335, 安亭, 嘉定
30734, 205, 安亭, 嘉定
28154, 330, 安亭, 嘉定
29104, 195, 安亭, 嘉定
29139, 230, 安亭, 嘉定
30555, 220, 安亭, 嘉定
31494, 290, 安亭, 嘉定
33832, 305, 安亭, 嘉定
34773, 243, 安亭, 嘉定
34930, 500, 安亭, 嘉定
35987, 320, 安亭, 嘉定
31122, 275, 安亭, 嘉定
41849, 420, 安亭, 嘉定
32061, 290, 安亭, 嘉定
32690, 290, 安亭, 嘉定
31152, 260, 安亭, 嘉定
31689, 205, 安亭, 嘉定
31200, 235, 安亭, 嘉定
29268, 300, 安亭, 嘉定
31919, 310, 安亭, 嘉定
27926, 229, 安亭, 嘉定
27261, 220, 安亭, 嘉定
28623, 300, 安亭, 嘉定
34567, 240, 安亭, 嘉定
30678, 285, 安亭, 嘉定
31850, 295, 安亭, 嘉定
27192, 155, 安亭, 嘉定
52525, 235, 丰庄, 嘉定
44166, 265, 丰庄, 嘉定
48095, 250, 丰庄, 嘉定
47612, 340, 丰庄, 嘉定
47900, 340, 丰庄, 嘉定
43737, 535, 丰庄, 嘉定
46979, 210, 丰庄, 嘉定
48832, 230, 丰庄, 嘉定
53275, 270, 丰庄, 嘉定
45619, 290, 丰庄, 嘉定
57957, 512, 丰庄, 嘉定
52606, 335, 丰庄, 嘉定
50000, 275, 丰庄, 嘉定
48759, 285, 丰庄, 嘉定
54901, 280, 丰庄, 嘉定
54737, 420, 丰庄, 嘉定
49354, 325, 丰庄, 嘉定
49600, 310, 丰庄, 嘉定
49253, 330, 丰庄, 嘉定
55056, 490, 丰庄, 嘉定
49109, 295, 丰庄, 嘉定
47659, 340, 丰庄, 嘉定
53691, 480, 丰庄, 嘉定
50558, 240, 丰庄, 嘉定
55238, 580, 丰庄, 嘉定
58181, 618, 丰庄, 嘉定
61282, 620, 丰庄, 嘉定
52030, 538, 丰庄, 嘉定
45198, 570, 丰庄, 嘉定
48336, 340, 丰庄, 嘉定
24019, 210, 华亭, 嘉定
22909, 200, 华亭, 嘉定
23482, 205, 华亭, 嘉定
27416, 350, 华亭, 嘉定
25100, 530, 华亭, 嘉定
25496, 325, 华亭, 嘉定
23241, 228, 华亭, 嘉定
26672, 340, 华亭, 嘉定
22481, 287, 华亭, 嘉定
25066, 320, 华亭, 嘉定
30191, 181, 嘉定老城, 嘉定
30130, 380, 嘉定老城, 嘉定
36029, 155, 嘉定老城, 嘉定
30342, 188, 嘉定老城, 嘉定
30215, 210, 嘉定老城, 嘉定
31159, 215, 嘉定老城, 嘉定
35897, 140, 嘉定老城, 嘉定
33073, 170, 嘉定老城, 嘉定
27972, 300, 嘉定老城, 嘉定
32112, 185, 嘉定老城, 嘉定
30295, 230, 嘉定老城, 嘉定
31423, 505, 嘉定老城, 嘉定
30286, 216, 嘉定老城, 嘉定
31417, 235, 嘉定老城, 嘉定
32230, 340, 嘉定老城, 嘉定
29987, 187, 嘉定老城, 嘉定
38571, 135, 嘉定老城, 嘉定
30009, 186, 嘉定老城, 嘉定
30312, 187, 嘉定老城, 嘉定
30019, 186, 嘉定老城, 嘉定
30711, 255, 嘉定老城, 嘉定
31951, 148, 嘉定老城, 嘉定
31885, 210, 嘉定老城, 嘉定
29122, 255, 嘉定老城, 嘉定
29508, 360, 嘉定老城, 嘉定
27884, 225, 嘉定老城, 嘉定
27347, 295, 嘉定老城, 嘉定
35407, 350, 嘉定老城, 嘉定
29012, 235, 嘉定老城, 嘉定
31185, 212, 嘉定老城, 嘉定
41535, 410, 江桥, 嘉定
40941, 308, 江桥, 嘉定
50747, 370, 江桥, 嘉定
47912, 280, 江桥, 嘉定
41957, 343, 江桥, 嘉定
46216, 342, 江桥, 嘉定
41489, 410, 江桥, 嘉定
51317, 405, 江桥, 嘉定
46447, 353, 江桥, 嘉定
41666, 500, 江桥, 嘉定
44155, 340, 江桥, 嘉定
42227, 248, 江桥, 嘉定
42049, 325, 江桥, 嘉定
47237, 265, 江桥, 嘉定
41266, 305, 江桥, 嘉定
54732, 510, 江桥, 嘉定
41921, 240, 江桥, 嘉定
45721, 350, 江桥, 嘉定
46604, 315, 江桥, 嘉定
46092, 335, 江桥, 嘉定
44746, 250, 江桥, 嘉定
48653, 280, 江桥, 嘉定
44746, 405, 江桥, 嘉定
42540, 280, 江桥, 嘉定
50078, 480, 江桥, 嘉定
40188, 485, 江桥, 嘉定
39770, 305, 江桥, 嘉定
45668, 310, 江桥, 嘉定
39777, 300, 江桥, 嘉定
41792, 305, 江桥, 嘉定
26495, 420, 马陆, 嘉定
36974, 330, 马陆, 嘉定
32701, 300, 马陆, 嘉定
24864, 460, 马陆, 嘉定
23340, 370, 马陆, 嘉定
32128, 550, 马陆, 嘉定
33715, 300, 马陆, 嘉定
23692, 370, 马陆, 嘉定
40223, 720, 马陆, 嘉定
52561, 2000, 马陆, 嘉定
54085, 1700, 马陆, 嘉定
35667, 540, 马陆, 嘉定
32278, 510, 马陆, 嘉定
57261, 1100, 马陆, 嘉定
41752, 285, 南翔, 嘉定
44368, 440, 南翔, 嘉定
42103, 410, 南翔, 嘉定
50020, 1215, 南翔, 嘉定
47121, 370, 南翔, 嘉定
48952, 430, 南翔, 嘉定
50025, 499, 南翔, 嘉定
47511, 610, 南翔, 嘉定
37776, 280, 南翔, 嘉定
50116, 860, 南翔, 嘉定
41933, 308, 南翔, 嘉定
38007, 325, 南翔, 嘉定
52658, 1350, 南翔, 嘉定
41426, 280, 南翔, 嘉定
44724, 515, 南翔, 嘉定
47502, 990, 南翔, 嘉定
43877, 430, 南翔, 嘉定
49198, 850, 南翔, 嘉定
43551, 258, 南翔, 嘉定
48612, 410, 南翔, 嘉定
40720, 190, 南翔, 嘉定
37776, 210, 南翔, 嘉定
50204, 430, 南翔, 嘉定
31172, 240, 南翔, 嘉定
48400, 605, 南翔, 嘉定
54913, 950, 南翔, 嘉定
46177, 450, 南翔, 嘉定
39746, 270, 南翔, 嘉定
48092, 580, 南翔, 嘉定
38824, 210, 南翔, 嘉定
29922, 730, 外冈, 嘉定
32347, 750, 外冈, 嘉定
28851, 480, 外冈, 嘉定
27179, 620, 外冈, 嘉定
20746, 195, 外冈, 嘉定
20369, 250, 外冈, 嘉定
23456, 190, 外冈, 嘉定
30293, 680, 外冈, 嘉定
36188, 698, 外冈, 嘉定
20554, 252, 外冈, 嘉定
25886, 530, 外冈, 嘉定
21063, 198, 外冈, 嘉定
23406, 220, 外冈, 嘉定
24253, 195, 外冈, 嘉定
19813, 255, 外冈, 嘉定
27160, 220, 外冈, 嘉定
23750, 190, 外冈, 嘉定
19319, 250, 外冈, 嘉定
21044, 258, 外冈, 嘉定
28421, 650, 外冈, 嘉定
23437, 300, 外冈, 嘉定
21671, 350, 外冈, 嘉定
20202, 260, 外冈, 嘉定
20086, 260, 外冈, 嘉定
25833, 155, 外冈, 嘉定
25823, 630, 外冈, 嘉定
26707, 158, 外冈, 嘉定
30732, 510, 外冈, 嘉定
27196, 610, 外冈, 嘉定
24048, 158, 外冈, 嘉定
27422, 182, 新成路, 嘉定
28691, 178, 新成路, 嘉定
32950, 135, 新成路, 嘉定
33209, 420, 新成路, 嘉定
29368, 240, 新成路, 嘉定
47341, 820, 新成路, 嘉定
32179, 158, 新成路, 嘉定
31640, 205, 新成路, 嘉定
32382, 168, 新成路, 嘉定
27777, 155, 新成路, 嘉定
32451, 162, 新成路, 嘉定
29786, 220, 新成路, 嘉定
28996, 222, 新成路, 嘉定
28058, 275, 新成路, 嘉定
31459, 380, 新成路, 嘉定
30205, 235, 新成路, 嘉定
28749, 254, 新成路, 嘉定
27699, 225, 新成路, 嘉定
28164, 168, 新成路, 嘉定
30365, 280, 新成路, 嘉定
27788, 225, 新成路, 嘉定
31847, 500, 新成路, 嘉定
30590, 203, 新成路, 嘉定
28616, 200, 新成路, 嘉定
27782, 180, 新成路, 嘉定
32802, 350, 新成路, 嘉定
31313, 310, 新成路, 嘉定
32912, 420, 新成路, 嘉定
27250, 218, 新成路, 嘉定
28206, 380, 新成路, 嘉定
31038, 280, 徐行, 嘉定
28718, 240, 徐行, 嘉定
29450, 270, 徐行, 嘉定
28757, 420, 徐行, 嘉定
25910, 320, 徐行, 嘉定
27586, 240, 徐行, 嘉定
27485, 240, 徐行, 嘉定
28670, 248, 徐行, 嘉定
28355, 530, 徐行, 嘉定
30650, 390, 徐行, 嘉定
27960, 238, 徐行, 嘉定
30708, 390, 徐行, 嘉定
27777, 800, 徐行, 嘉定
25025, 225, 徐行, 嘉定
26838, 320, 徐行, 嘉定
27637, 235, 徐行, 嘉定
27744, 235, 徐行, 嘉定
24584, 293, 徐行, 嘉定
26293, 215, 徐行, 嘉定
24624, 300, 徐行, 嘉定
32944, 480, 徐行, 嘉定
25688, 280, 徐行, 嘉定
29446, 250, 徐行, 嘉定
27544, 230, 徐行, 嘉定
29443, 275, 徐行, 嘉定
29165, 268, 徐行, 嘉定
29411, 250, 徐行, 嘉定
29664, 252, 徐行, 嘉定
31765, 208, 徐行, 嘉定
29518, 245, 徐行, 嘉定
80500, 450, 打浦桥, 黄浦
80684, 330, 打浦桥, 黄浦
73620, 475, 打浦桥, 黄浦
83333, 350, 打浦桥, 黄浦
79017, 830, 打浦桥, 黄浦
87276, 332, 打浦桥, 黄浦
77243, 890, 打浦桥, 黄浦
85855, 329, 打浦桥, 黄浦
71751, 985, 打浦桥, 黄浦
63878, 310, 打浦桥, 黄浦
81081, 555, 打浦桥, 黄浦
102820, 1400, 打浦桥, 黄浦
75241, 265, 打浦桥, 黄浦
70404, 830, 打浦桥, 黄浦
78374, 270, 打浦桥, 黄浦
90748, 820, 打浦桥, 黄浦
84558, 1300, 打浦桥, 黄浦
85273, 370, 打浦桥, 黄浦
77777, 350, 打浦桥, 黄浦
96426, 858, 打浦桥, 黄浦
80524, 810, 打浦桥, 黄浦
83014, 478, 打浦桥, 黄浦
110947, 980, 打浦桥, 黄浦
93731, 1250, 打浦桥, 黄浦
68971, 820, 打浦桥, 黄浦
100289, 1730, 打浦桥, 黄浦
59965, 800, 打浦桥, 黄浦
77499, 300, 打浦桥, 黄浦
83230, 405, 打浦桥, 黄浦
89590, 315, 打浦桥, 黄浦
87478, 6480, 淮海中路, 黄浦
94339, 425, 淮海中路, 黄浦
105893, 575, 淮海中路, 黄浦
80523, 750, 淮海中路, 黄浦
94916, 450, 淮海中路, 黄浦
89619, 499, 淮海中路, 黄浦
108251, 610, 淮海中路, 黄浦
110714, 310, 淮海中路, 黄浦
97014, 390, 淮海中路, 黄浦
149942, 6500, 淮海中路, 黄浦
104140, 420, 淮海中路, 黄浦
94324, 580, 淮海中路, 黄浦
99930, 1145, 淮海中路, 黄浦
101291, 400, 淮海中路, 黄浦
81058, 680, 淮海中路, 黄浦
111679, 480, 淮海中路, 黄浦
108643, 450, 淮海中路, 黄浦
100000, 1800, 淮海中路, 黄浦
97811, 590, 淮海中路, 黄浦
94082, 690, 淮海中路, 黄浦
171052, 650, 淮海中路, 黄浦
126582, 1300, 淮海中路, 黄浦
97435, 380, 淮海中路, 黄浦
80886, 1350, 淮海中路, 黄浦
87198, 690, 淮海中路, 黄浦
95148, 610, 淮海中路, 黄浦
102076, 295, 淮海中路, 黄浦
89318, 490, 淮海中路, 黄浦
111793, 910, 淮海中路, 黄浦
95656, 610, 淮海中路, 黄浦
75799, 1100, 老西门, 黄浦
95205, 1130, 老西门, 黄浦
84068, 1220, 老西门, 黄浦
80471, 2320, 老西门, 黄浦
79831, 530, 老西门, 黄浦
75584, 986, 老西门, 黄浦
66242, 770, 老西门, 黄浦
84127, 600, 老西门, 黄浦
85017, 1350, 老西门, 黄浦
70395, 930, 老西门, 黄浦
86327, 1050, 老西门, 黄浦
69863, 950, 老西门, 黄浦
90591, 1350, 老西门, 黄浦
100922, 1160, 老西门, 黄浦
95205, 1130, 老西门, 黄浦
85393, 760, 老西门, 黄浦
86194, 580, 老西门, 黄浦
95602, 500, 老西门, 黄浦
81512, 2350, 老西门, 黄浦
73540, 1000, 老西门, 黄浦
82797, 760, 老西门, 黄浦
79778, 2300, 老西门, 黄浦
88607, 1400, 老西门, 黄浦
83246, 2400, 老西门, 黄浦
76521, 410, 老西门, 黄浦
81128, 1300, 老西门, 黄浦
80332, 890, 老西门, 黄浦
84966, 880, 老西门, 黄浦
74782, 860, 老西门, 黄浦
84405, 2400, 老西门, 黄浦
94724, 1045, 蓬莱公园, 黄浦
100980, 690, 蓬莱公园, 黄浦
86767, 240, 蓬莱公园, 黄浦
85402, 650, 蓬莱公园, 黄浦
98916, 420, 蓬莱公园, 黄浦
105432, 425, 蓬莱公园, 黄浦
78840, 930, 蓬莱公园, 黄浦
102449, 435, 蓬莱公园, 黄浦
93688, 285, 蓬莱公园, 黄浦
91908, 1170, 蓬莱公园, 黄浦
106673, 430, 蓬莱公园, 黄浦
98765, 880, 蓬莱公园, 黄浦
78154, 620, 蓬莱公园, 黄浦
82343, 395, 蓬莱公园, 黄浦
110692, 470, 蓬莱公园, 黄浦
103806, 1350, 蓬莱公园, 黄浦
110075, 685, 蓬莱公园, 黄浦
73891, 300, 蓬莱公园, 黄浦
90215, 650, 蓬莱公园, 黄浦
69724, 380, 蓬莱公园, 黄浦
86597, 420, 蓬莱公园, 黄浦
73483, 830, 蓬莱公园, 黄浦
100025, 800, 蓬莱公园, 黄浦
93918, 695, 蓬莱公园, 黄浦
86580, 1700, 蓬莱公园, 黄浦
90811, 1180, 蓬莱公园, 黄浦
95063, 780, 蓬莱公园, 黄浦
100025, 800, 蓬莱公园, 黄浦
92401, 895, 蓬莱公园, 黄浦
117518, 1500, 蓬莱公园, 黄浦
96870, 390, 人民广场, 黄浦
94588, 1428, 人民广场, 黄浦
85086, 550, 人民广场, 黄浦
111764, 570, 人民广场, 黄浦
82329, 410, 人民广场, 黄浦
87165, 290, 人民广场, 黄浦
108408, 1680, 人民广场, 黄浦
81981, 460, 人民广场, 黄浦
87404, 1460, 人民广场, 黄浦
129032, 800, 人民广场, 黄浦
101955, 1580, 人民广场, 黄浦
90829, 1350, 人民广场, 黄浦
90436, 365, 人民广场, 黄浦
110344, 672, 人民广场, 黄浦
117516, 1268, 人民广场, 黄浦
89635, 1420, 人民广场, 黄浦
79917, 540, 人民广场, 黄浦
100010, 1890, 人民广场, 黄浦
77307, 1300, 人民广场, 黄浦
118032, 1080, 人民广场, 黄浦
84758, 1630, 人民广场, 黄浦
87698, 1100, 人民广场, 黄浦
91161, 2100, 人民广场, 黄浦
87465, 1300, 人民广场, 黄浦
124535, 1040, 人民广场, 黄浦
73711, 399, 人民广场, 黄浦
89757, 1700, 人民广场, 黄浦
88360, 1450, 人民广场, 黄浦
81787, 410, 人民广场, 黄浦
115771, 1300, 人民广场, 黄浦
102430, 1100, 新天地, 黄浦
68542, 1050, 新天地, 黄浦
94696, 425, 新天地, 黄浦
93780, 478, 新天地, 黄浦
117221, 680, 新天地, 黄浦
110497, 600, 新天地, 黄浦
101557, 600, 新天地, 黄浦
65278, 1000, 新天地, 黄浦
132775, 2570, 新天地, 黄浦
103342, 640, 新天地, 黄浦
153846, 800, 新天地, 黄浦
99935, 1700, 新天地, 黄浦
118260, 680, 新天地, 黄浦
145906, 3800, 新天地, 黄浦
118956, 2800, 新天地, 黄浦
135416, 2600, 新天地, 黄浦
159641, 5200, 新天地, 黄浦
158979, 1720, 新天地, 黄浦
130355, 3660, 新天地, 黄浦
108130, 1600, 新天地, 黄浦
87141, 1600, 新天地, 黄浦
107317, 1600, 新天地, 黄浦
84913, 1200, 新天地, 黄浦
125560, 700, 新天地, 黄浦
114817, 950, 新天地, 黄浦
135135, 395, 新天地, 黄浦
169503, 4700, 新天地, 黄浦
125340, 460, 新天地, 黄浦
110538, 386, 新天地, 黄浦
157127, 2998, 新天地, 黄浦
103693, 1300, 豫园, 黄浦
93969, 335, 豫园, 黄浦
98695, 1400, 豫园, 黄浦
78947, 1500, 豫园, 黄浦
99543, 1200, 豫园, 黄浦
90105, 1030, 豫园, 黄浦
87002, 830, 豫园, 黄浦
128976, 300, 豫园, 黄浦
76062, 340, 豫园, 黄浦
96211, 320, 豫园, 黄浦
80519, 620, 豫园, 黄浦
84848, 420, 豫园, 黄浦
80219, 380, 豫园, 黄浦
78450, 320, 豫园, 黄浦
72830, 1150, 豫园, 黄浦
111780, 1150, 豫园, 黄浦
67412, 1290, 豫园, 黄浦
96882, 1100, 豫园, 黄浦
80000, 1800, 豫园, 黄浦
88465, 1050, 豫园, 黄浦
99971, 1420, 豫园, 黄浦
97738, 1400, 豫园, 黄浦
110256, 960, 豫园, 黄浦
112866, 500, 豫园, 黄浦
92243, 880, 豫园, 黄浦
75334, 2090, 豫园, 黄浦
102288, 1198, 豫园, 黄浦
140313, 1300, 豫园, 黄浦
84818, 890, 豫园, 黄浦
84571, 370, 豫园, 黄浦
94926, 855, 不夜城, 静安
64231, 800, 不夜城, 静安
73490, 690, 不夜城, 静安
71283, 245, 不夜城, 静安
48914, 660, 不夜城, 静安
79641, 338, 不夜城, 静安
59775, 410, 不夜城, 静安
61046, 680, 不夜城, 静安
70645, 380, 不夜城, 静安
76517, 610, 不夜城, 静安
70808, 375, 不夜城, 静安
59184, 270, 不夜城, 静安
90199, 820, 不夜城, 静安
64808, 358, 不夜城, 静安
72103, 290, 不夜城, 静安
65258, 275, 不夜城, 静安
75757, 340, 不夜城, 静安
54796, 750, 不夜城, 静安
47166, 630, 不夜城, 静安
67525, 215, 不夜城, 静安
36647, 550, 不夜城, 静安
63543, 750, 不夜城, 静安
47254, 630, 不夜城, 静安
78475, 420, 不夜城, 静安
72279, 352, 不夜城, 静安
69004, 860, 不夜城, 静安
60258, 568, 不夜城, 静安
66576, 245, 不夜城, 静安
81088, 280, 不夜城, 静安
58736, 395, 不夜城, 静安
92952, 426, 曹家渡, 静安
134110, 4600, 曹家渡, 静安
77380, 950, 曹家渡, 静安
107415, 620, 曹家渡, 静安
88393, 770, 曹家渡, 静安
76564, 460, 曹家渡, 静安
68508, 610, 曹家渡, 静安
89153, 1200, 曹家渡, 静安
127142, 445, 曹家渡, 静安
119723, 780, 曹家渡, 静安
134523, 452, 曹家渡, 静安
80172, 465, 曹家渡, 静安
151285, 500, 曹家渡, 静安
95462, 1380, 曹家渡, 静安
104095, 460, 曹家渡, 静安
111358, 500, 曹家渡, 静安
89677, 1350, 曹家渡, 静安
96547, 590, 曹家渡, 静安
115448, 420, 曹家渡, 静安
145171, 475, 曹家渡, 静安
91988, 682, 曹家渡, 静安
87589, 710, 曹家渡, 静安
119562, 580, 曹家渡, 静安
95555, 430, 曹家渡, 静安
90105, 265, 曹家渡, 静安
98840, 520, 曹家渡, 静安
109799, 530, 曹家渡, 静安
93632, 500, 曹家渡, 静安
78125, 1000, 曹家渡, 静安
76977, 435, 曹家渡, 静安
126489, 860, 衡山路, 静安
105960, 1680, 衡山路, 静安
113603, 395, 衡山路, 静安
100917, 220, 衡山路, 静安
98527, 990, 衡山路, 静安
113162, 950, 衡山路, 静安
114828, 405, 衡山路, 静安
122448, 600, 衡山路, 静安
129273, 605, 衡山路, 静安
66228, 1470, 衡山路, 静安
116321, 640, 衡山路, 静安
97145, 1450, 衡山路, 静安
125831, 870, 衡山路, 静安
98243, 425, 衡山路, 静安
142857, 1600, 衡山路, 静安
114978, 958, 衡山路, 静安
126130, 2580, 衡山路, 静安
114970, 960, 衡山路, 静安
117105, 445, 衡山路, 静安
105939, 660, 衡山路, 静安
145772, 500, 衡山路, 静安
117770, 448, 衡山路, 静安
125556, 395, 衡山路, 静安
103186, 680, 衡山路, 静安
109875, 405, 衡山路, 静安
100433, 2550, 衡山路, 静安
95059, 660, 衡山路, 静安
108955, 730, 衡山路, 静安
98433, 980, 衡山路, 静安
99162, 580, 衡山路, 静安
98241, 475, 静安寺, 静安
78700, 395, 静安寺, 静安
92436, 660, 静安寺, 静安
85191, 405, 静安寺, 静安
87017, 500, 静安寺, 静安
76923, 900, 静安寺, 静安
81194, 658, 静安寺, 静安
112716, 2800, 静安寺, 静安
68122, 780, 静安寺, 静安
95794, 640, 静安寺, 静安
105494, 1150, 静安寺, 静安
108246, 1180, 静安寺, 静安
83484, 600, 静安寺, 静安
96816, 520, 静安寺, 静安
72346, 850, 静安寺, 静安
84484, 538, 静安寺, 静安
76322, 1260, 静安寺, 静安
73197, 860, 静安寺, 静安
113957, 685, 静安寺, 静安
95742, 470, 静安寺, 静安
98917, 1380, 静安寺, 静安
104965, 520, 静安寺, 静安
107089, 500, 静安寺, 静安
102644, 326, 静安寺, 静安
90053, 890, 静安寺, 静安
90467, 670, 静安寺, 静安
90239, 980, 静安寺, 静安
97106, 1000, 静安寺, 静安
151373, 4850, 静安寺, 静安
102742, 1120, 静安寺, 静安
86151, 400, 江宁路, 静安
104229, 2600, 江宁路, 静安
106639, 1150, 江宁路, 静安
90424, 339, 江宁路, 静安
94633, 880, 江宁路, 静安
113828, 1550, 江宁路, 静安
80949, 699, 江宁路, 静安
120498, 880, 江宁路, 静安
122719, 760, 江宁路, 静安
89696, 1150, 江宁路, 静安
93182, 600, 江宁路, 静安
99526, 630, 江宁路, 静安
101918, 1780, 江宁路, 静安
111147, 680, 江宁路, 静安
77348, 420, 江宁路, 静安
85204, 258, 江宁路, 静安
84666, 540, 江宁路, 静安
113456, 1290, 江宁路, 静安
125000, 460, 江宁路, 静安
109602, 1800, 江宁路, 静安
68803, 1200, 江宁路, 静安
107820, 1500, 江宁路, 静安
81229, 370, 江宁路, 静安
117434, 1560, 江宁路, 静安
86785, 729, 江宁路, 静安
99434, 1020, 江宁路, 静安
71408, 780, 江宁路, 静安
106738, 1150, 江宁路, 静安
128781, 1490, 江宁路, 静安
68670, 820, 江宁路, 静安
125659, 2000, 南京西路, 静安
101444, 850, 南京西路, 静安
81900, 1000, 南京西路, 静安
99408, 790, 南京西路, 静安
124432, 1780, 南京西路, 静安
69673, 1100, 南京西路, 静安
98020, 520, 南京西路, 静安
90462, 350, 南京西路, 静安
142711, 2800, 南京西路, 静安
95079, 657, 南京西路, 静安
102543, 500, 南京西路, 静安
95768, 1100, 南京西路, 静安
97299, 1200, 南京西路, 静安
88058, 455, 南京西路, 静安
76192, 1260, 南京西路, 静安
132439, 405, 南京西路, 静安
136363, 450, 南京西路, 静安
96326, 430, 南京西路, 静安
100815, 1100, 南京西路, 静安
64541, 1160, 南京西路, 静安
104911, 769, 南京西路, 静安
113115, 790, 南京西路, 静安
119402, 240, 南京西路, 静安
124262, 2000, 南京西路, 静安
120435, 1860, 南京西路, 静安
95491, 735, 南京西路, 静安
93603, 1200, 南京西路, 静安
127343, 1250, 南京西路, 静安
123508, 1470, 南京西路, 静安
101605, 1000, 南京西路, 静安
86390, 405, 镇宁路, 静安
105063, 830, 镇宁路, 静安
81411, 360, 镇宁路, 静安
74187, 1020, 镇宁路, 静安
93710, 1420, 镇宁路, 静安
105820, 580, 镇宁路, 静安
76412, 1060, 镇宁路, 静安
89718, 315, 镇宁路, 静安
90795, 510, 镇宁路, 静安
87787, 1250, 镇宁路, 静安
82825, 435, 镇宁路, 静安
79365, 760, 镇宁路, 静安
77256, 730, 镇宁路, 静安
95024, 1100, 镇宁路, 静安
80829, 780, 镇宁路, 静安
108189, 1000, 镇宁路, 静安
80768, 265, 镇宁路, 静安
77002, 445, 镇宁路, 静安
97514, 2350, 镇宁路, 静安
164021, 3100, 镇宁路, 静安
117226, 1180, 镇宁路, 静安
74971, 1040, 镇宁路, 静安
98323, 1050, 镇宁路, 静安
88523, 415, 镇宁路, 静安
112781, 900, 镇宁路, 静安
87291, 430, 镇宁路, 静安
101696, 1780, 镇宁路, 静安
95410, 395, 镇宁路, 静安
95063, 570, 镇宁路, 静安
102361, 1500, 镇宁路, 静安
68869, 296, 中山公园, 静安
82287, 485, 中山公园, 静安
75497, 330, 中山公园, 静安
77694, 248, 中山公园, 静安
80859, 869, 中山公园, 静安
89892, 1230, 中山公园, 静安
75180, 375, 中山公园, 静安
75436, 980, 中山公园, 静安
105836, 680, 中山公园, 静安
86317, 270, 中山公园, 静安
71953, 450, 中山公园, 静安
92962, 535, 中山公园, 静安
68930, 335, 中山公园, 静安
76434, 373, 中山公园, 静安
74193, 230, 中山公园, 静安
53503, 310, 中山公园, 静安
63567, 320, 中山公园, 静安
75262, 265, 中山公园, 静安
70497, 400, 中山公园, 静安
81694, 1350, 中山公园, 静安
81168, 900, 中山公园, 静安
83175, 570, 中山公园, 静安
75998, 550, 中山公园, 静安
67114, 190, 中山公园, 静安
78859, 1200, 中山公园, 静安
61711, 220, 中山公园, 静安
67816, 350, 中山公园, 静安
76675, 310, 中山公园, 静安
74500, 298, 中山公园, 静安
80944, 480, 中山公园, 静安
94926, 855, 不夜城, 闸北
64231, 800, 不夜城, 闸北
73490, 690, 不夜城, 闸北
71283, 245, 不夜城, 闸北
48914, 660, 不夜城, 闸北
79641, 338, 不夜城, 闸北
59775, 410, 不夜城, 闸北
61046, 680, 不夜城, 闸北
70645, 380, 不夜城, 闸北
76517, 610, 不夜城, 闸北
70808, 375, 不夜城, 闸北
59184, 270, 不夜城, 闸北
90199, 820, 不夜城, 闸北
64808, 358, 不夜城, 闸北
72103, 290, 不夜城, 闸北
65258, 275, 不夜城, 闸北
75757, 340, 不夜城, 闸北
54796, 750, 不夜城, 闸北
47166, 630, 不夜城, 闸北
67525, 215, 不夜城, 闸北
36647, 550, 不夜城, 闸北
63543, 750, 不夜城, 闸北
47254, 630, 不夜城, 闸北
78475, 420, 不夜城, 闸北
72279, 352, 不夜城, 闸北
69004, 860, 不夜城, 闸北
60258, 568, 不夜城, 闸北
66576, 245, 不夜城, 闸北
81088, 280, 不夜城, 闸北
58736, 395, 不夜城, 闸北
51362, 230, 彭浦, 闸北
59352, 165, 彭浦, 闸北
52897, 220, 彭浦, 闸北
52687, 200, 彭浦, 闸北
54556, 176, 彭浦, 闸北
56975, 350, 彭浦, 闸北
52099, 232, 彭浦, 闸北
53485, 188, 彭浦, 闸北
56740, 242, 彭浦, 闸北
57101, 398, 彭浦, 闸北
52999, 258, 彭浦, 闸北
47362, 650, 彭浦, 闸北
51823, 270, 彭浦, 闸北
51382, 340, 彭浦, 闸北
49157, 175, 彭浦, 闸北
52229, 280, 彭浦, 闸北
52222, 235, 彭浦, 闸北
56517, 160, 彭浦, 闸北
53727, 258, 彭浦, 闸北
55434, 255, 彭浦, 闸北
52927, 235, 彭浦, 闸北
49276, 160, 彭浦, 闸北
48990, 165, 彭浦, 闸北
52085, 296, 彭浦, 闸北
55193, 220, 彭浦, 闸北
46868, 235, 彭浦, 闸北
48579, 200, 彭浦, 闸北
56250, 180, 彭浦, 闸北
52808, 252, 彭浦, 闸北
50403, 250, 彭浦, 闸北
76142, 360, 西藏北路, 闸北
66300, 580, 西藏北路, 闸北
65183, 290, 西藏北路, 闸北
75432, 720, 西藏北路, 闸北
65834, 290, 西藏北路, 闸北
62512, 318, 西藏北路, 闸北
107246, 888, 西藏北路, 闸北
79407, 295, 西藏北路, 闸北
74879, 248, 西藏北路, 闸北
65934, 480, 西藏北路, 闸北
62690, 350, 西藏北路, 闸北
72870, 1480, 西藏北路, 闸北
81052, 308, 西藏北路, 闸北
74097, 460, 西藏北路, 闸北
64965, 280, 西藏北路, 闸北
68570, 730, 西藏北路, 闸北
64122, 410, 西藏北路, 闸北
64603, 215, 西藏北路, 闸北
74469, 460, 西藏北路, 闸北
74808, 400, 西藏北路, 闸北
63103, 320, 西藏北路, 闸北
68837, 670, 西藏北路, 闸北
69930, 390, 西藏北路, 闸北
92460, 1100, 西藏北路, 闸北
75084, 798, 西藏北路, 闸北
71929, 410, 西藏北路, 闸北
80368, 750, 西藏北路, 闸北
71774, 370, 西藏北路, 闸北
64363, 190, 西藏北路, 闸北
66205, 698, 西藏北路, 闸北
49415, 520, 阳城, 闸北
70233, 680, 阳城, 闸北
65215, 710, 阳城, 闸北
57785, 285, 阳城, 闸北
56306, 200, 阳城, 闸北
55544, 290, 阳城, 闸北
68680, 1180, 阳城, 闸北
74544, 610, 阳城, 闸北
61010, 320, 阳城, 闸北
61886, 252, 阳城, 闸北
58522, 240, 阳城, 闸北
56265, 295, 阳城, 闸北
53416, 240, 阳城, 闸北
72529, 800, 阳城, 闸北
73855, 450, 阳城, 闸北
73688, 340, 阳城, 闸北
71271, 520, 阳城, 闸北
72319, 435, 阳城, 闸北
75356, 840, 阳城, 闸北
68864, 330, 阳城, 闸北
55890, 315, 阳城, 闸北
59055, 300, 阳城, 闸北
69284, 420, 阳城, 闸北
57542, 436, 阳城, 闸北
52029, 600, 阳城, 闸北
67403, 299, 阳城, 闸北
60444, 250, 阳城, 闸北
61653, 255, 阳城, 闸北
67994, 840, 阳城, 闸北
60129, 750, 阳城, 闸北
88412, 1040, 北外滩, 虹口
63652, 480, 北外滩, 虹口
62401, 870, 北外滩, 虹口
72277, 730, 北外滩, 虹口
82099, 1480, 北外滩, 虹口
76832, 520, 北外滩, 虹口
57067, 820, 北外滩, 虹口
81948, 1400, 北外滩, 虹口
66587, 560, 北外滩, 虹口
73116, 365, 北外滩, 虹口
74066, 750, 北外滩, 虹口
60704, 670, 北外滩, 虹口
64593, 700, 北外滩, 虹口
92435, 468, 北外滩, 虹口
97064, 410, 北外滩, 虹口
67099, 600, 北外滩, 虹口
73696, 260, 北外滩, 虹口
69989, 382, 北外滩, 虹口
65246, 490, 北外滩, 虹口
69679, 330, 北外滩, 虹口
84189, 1000, 北外滩, 虹口
55175, 830, 北外滩, 虹口
92198, 1300, 北外滩, 虹口
68873, 518, 北外滩, 虹口
63888, 460, 北外滩, 虹口
79802, 565, 北外滩, 虹口
81642, 1400, 北外滩, 虹口
58977, 700, 北外滩, 虹口
163859, 5000, 北外滩, 虹口
88992, 1220, 北外滩, 虹口
53948, 330, 江湾镇, 虹口
63601, 1000, 江湾镇, 虹口
59493, 470, 江湾镇, 虹口
58399, 235, 江湾镇, 虹口
58725, 600, 江湾镇, 虹口
55527, 222, 江湾镇, 虹口
56387, 305, 江湾镇, 虹口
60801, 226, 江湾镇, 虹口
54285, 349, 江湾镇, 虹口
85400, 365, 江湾镇, 虹口
55165, 228, 江湾镇, 虹口
67478, 410, 江湾镇, 虹口
64295, 620, 江湾镇, 虹口
56324, 680, 江湾镇, 虹口
63096, 370, 江湾镇, 虹口
61744, 240, 江湾镇, 虹口
61087, 200, 江湾镇, 虹口
65628, 215, 江湾镇, 虹口
67220, 340, 江湾镇, 虹口
61411, 215, 江湾镇, 虹口
78652, 780, 江湾镇, 虹口
62152, 380, 江湾镇, 虹口
59673, 219, 江湾镇, 虹口
57797, 338, 江湾镇, 虹口
57936, 365, 江湾镇, 虹口
56243, 395, 江湾镇, 虹口
61682, 500, 江湾镇, 虹口
59799, 310, 江湾镇, 虹口
65776, 330, 江湾镇, 虹口
64337, 510, 江湾镇, 虹口
67691, 718, 凉城, 虹口
81069, 770, 凉城, 虹口
62083, 205, 凉城, 虹口
50592, 205, 凉城, 虹口
57662, 225, 凉城, 虹口
67990, 250, 凉城, 虹口
52083, 175, 凉城, 虹口
54687, 350, 凉城, 虹口
54878, 180, 凉城, 虹口
62319, 540, 凉城, 虹口
62425, 420, 凉城, 虹口
81729, 1100, 凉城, 虹口
58934, 188, 凉城, 虹口
56003, 680, 凉城, 虹口
67857, 285, 凉城, 虹口
62770, 450, 凉城, 虹口
66835, 370, 凉城, 虹口
60123, 525, 凉城, 虹口
50340, 185, 凉城, 虹口
68532, 600, 凉城, 虹口
77306, 450, 凉城, 虹口
58707, 178, 凉城, 虹口
68506, 360, 凉城, 虹口
51637, 380, 凉城, 虹口
53365, 245, 凉城, 虹口
65533, 898, 凉城, 虹口
60814, 248, 凉城, 虹口
53600, 195, 凉城, 虹口
60590, 240, 凉城, 虹口
64497, 220, 凉城, 虹口
106362, 545, 临平路, 虹口
64816, 460, 临平路, 虹口
72736, 290, 临平路, 虹口
52793, 240, 临平路, 虹口
62905, 485, 临平路, 虹口
77114, 248, 临平路, 虹口
79793, 960, 临平路, 虹口
82882, 920, 临平路, 虹口
93311, 950, 临平路, 虹口
82480, 1080, 临平路, 虹口
104248, 530, 临平路, 虹口
72944, 739, 临平路, 虹口
83026, 700, 临平路, 虹口
77705, 1200, 临平路, 虹口
74835, 750, 临平路, 虹口
95217, 890, 临平路, 虹口
88028, 1100, 临平路, 虹口
104494, 930, 临平路, 虹口
111160, 995, 临平路, 虹口
80856, 1080, 临平路, 虹口
73614, 950, 临平路, 虹口
76421, 1020, 临平路, 虹口
74074, 600, 临平路, 虹口
78817, 800, 临平路, 虹口
79699, 795, 临平路, 虹口
80804, 900, 临平路, 虹口
93373, 830, 临平路, 虹口
74070, 755, 临平路, 虹口
80329, 760, 临平路, 虹口
103409, 910, 临平路, 虹口
68027, 330, 四川北路, 虹口
77002, 600, 四川北路, 虹口
91093, 988, 四川北路, 虹口
62965, 735, 四川北路, 虹口
68752, 690, 四川北路, 虹口
68389, 270, 四川北路, 虹口
64709, 1120, 四川北路, 虹口
80344, 280, 四川北路, 虹口
82456, 1380, 四川北路, 虹口
62047, 900, 四川北路, 虹口
57636, 900, 四川北路, 虹口
74268, 820, 四川北路, 虹口
71052, 810, 四川北路, 虹口
102564, 800, 四川北路, 虹口
99421, 1340, 四川北路, 虹口
65167, 800, 四川北路, 虹口
68276, 280, 四川北路, 虹口
67866, 430, 四川北路, 虹口
71065, 1230, 四川北路, 虹口
65452, 920, 四川北路, 虹口
75295, 1050, 四川北路, 虹口
73933, 780, 四川北路, 虹口
68633, 735, 四川北路, 虹口
68518, 370, 四川北路, 虹口
82916, 1128, 四川北路, 虹口
57636, 900, 四川北路, 虹口
77023, 470, 四川北路, 虹口
71880, 750, 四川北路, 虹口
100014, 680, 四川北路, 虹口
66207, 740, 四川北路, 虹口
42361, 305, 华新, 青浦
28728, 798, 华新, 青浦
36526, 395, 华新, 青浦
36126, 260, 华新, 青浦
34655, 380, 华新, 青浦
36516, 325, 华新, 青浦
38269, 345, 华新, 青浦
27410, 290, 华新, 青浦
35393, 315, 华新, 青浦
36516, 325, 华新, 青浦
28846, 750, 华新, 青浦
37697, 330, 华新, 青浦
37756, 280, 华新, 青浦
31215, 280, 华新, 青浦
37222, 335, 华新, 青浦
37756, 280, 华新, 青浦
35505, 310, 华新, 青浦
37533, 280, 华新, 青浦
29710, 410, 华新, 青浦
35844, 295, 华新, 青浦
39814, 430, 华新, 青浦
37137, 330, 华新, 青浦
35632, 310, 华新, 青浦
42706, 380, 华新, 青浦
33333, 300, 华新, 青浦
38807, 345, 华新, 青浦
37371, 335, 华新, 青浦
44274, 580, 华新, 青浦
33866, 320, 华新, 青浦
38961, 360, 华新, 青浦
18009, 165, 练塘, 青浦
23804, 215, 练塘, 青浦
19187, 170, 练塘, 青浦
21491, 245, 练塘, 青浦
24778, 280, 练塘, 青浦
16907, 170, 练塘, 青浦
21681, 245, 练塘, 青浦
24195, 218, 练塘, 青浦
18142, 175, 练塘, 青浦
25000, 150, 练塘, 青浦
17821, 180, 练塘, 青浦
19203, 230, 练塘, 青浦
25806, 232, 练塘, 青浦
24471, 220, 练塘, 青浦
25384, 198, 练塘, 青浦
22123, 250, 练塘, 青浦
24382, 217, 练塘, 青浦
24778, 280, 练塘, 青浦
26460, 240, 练塘, 青浦
24107, 216, 练塘, 青浦
22749, 205, 练塘, 青浦
26991, 305, 练塘, 青浦
20594, 185, 练塘, 青浦
25524, 230, 练塘, 青浦
27713, 240, 练塘, 青浦
23849, 330, 练塘, 青浦
26460, 240, 练塘, 青浦
27848, 220, 练塘, 青浦
21196, 260, 练塘, 青浦
25558, 230, 练塘, 青浦
29882, 140, 香花桥, 青浦
29357, 160, 香花桥, 青浦
29940, 190, 香花桥, 青浦
29441, 146, 香花桥, 青浦
29411, 140, 香花桥, 青浦
31914, 150, 香花桥, 青浦
29977, 148, 香花桥, 青浦
31914, 150, 香花桥, 青浦
36607, 205, 香花桥, 青浦
32777, 165, 香花桥, 青浦
28054, 135, 香花桥, 青浦
27450, 280, 香花桥, 青浦
33160, 160, 香花桥, 青浦
27659, 195, 香花桥, 青浦
25976, 270, 香花桥, 青浦
29708, 230, 香花桥, 青浦
29307, 140, 香花桥, 青浦
23142, 405, 香花桥, 青浦
32264, 160, 香花桥, 青浦
39219, 185, 香花桥, 青浦
22077, 170, 香花桥, 青浦
20008, 200, 香花桥, 青浦
25317, 600, 香花桥, 青浦
32758, 300, 香花桥, 青浦
32725, 210, 香花桥, 青浦
18620, 155, 香花桥, 青浦
27548, 200, 香花桥, 青浦
25934, 186, 香花桥, 青浦
25287, 580, 香花桥, 青浦
33064, 230, 香花桥, 青浦
48231, 1500, 徐泾, 青浦
33788, 470, 徐泾, 青浦
41704, 370, 徐泾, 青浦
65030, 1460, 徐泾, 青浦
66180, 1360, 徐泾, 青浦
35796, 310, 徐泾, 青浦
63809, 1200, 徐泾, 青浦
43859, 1000, 徐泾, 青浦
40372, 950, 徐泾, 青浦
54705, 980, 徐泾, 青浦
46026, 750, 徐泾, 青浦
63829, 600, 徐泾, 青浦
38728, 340, 徐泾, 青浦
37500, 270, 徐泾, 青浦
38101, 330, 徐泾, 青浦
45195, 730, 徐泾, 青浦
46217, 1000, 徐泾, 青浦
48854, 1100, 徐泾, 青浦
36906, 315, 徐泾, 青浦
45300, 735, 徐泾, 青浦
58823, 900, 徐泾, 青浦
37350, 450, 徐泾, 青浦
36374, 2200, 徐泾, 青浦
40293, 880, 徐泾, 青浦
51884, 490, 徐泾, 青浦
60827, 2500, 徐泾, 青浦
77193, 1600, 徐泾, 青浦
63737, 3200, 徐泾, 青浦
39777, 358, 徐泾, 青浦
34898, 310, 徐泾, 青浦
36781, 325, 盈浦, 青浦
32369, 290, 盈浦, 青浦
35563, 320, 盈浦, 青浦
32792, 295, 盈浦, 青浦
35335, 290, 盈浦, 青浦
37334, 325, 盈浦, 青浦
32306, 152, 盈浦, 青浦
35714, 200, 盈浦, 青浦
33226, 300, 盈浦, 青浦
35171, 185, 盈浦, 青浦
33585, 222, 盈浦, 青浦
36416, 630, 盈浦, 青浦
34791, 210, 盈浦, 青浦
32852, 198, 盈浦, 青浦
36727, 202, 盈浦, 青浦
33969, 226, 盈浦, 青浦
37455, 338, 盈浦, 青浦
38433, 260, 盈浦, 青浦
33811, 410, 盈浦, 青浦
34883, 150, 盈浦, 青浦
37037, 435, 盈浦, 青浦
36121, 190, 盈浦, 青浦
35049, 320, 盈浦, 青浦
35019, 315, 盈浦, 青浦
36654, 330, 盈浦, 青浦
36400, 320, 盈浦, 青浦
37140, 319, 盈浦, 青浦
35855, 300, 盈浦, 青浦
32263, 188, 盈浦, 青浦
31410, 245, 盈浦, 青浦
31067, 160, 朱家角, 青浦
43192, 230, 朱家角, 青浦
18635, 385, 朱家角, 青浦
32119, 239, 朱家角, 青浦
29814, 620, 朱家角, 青浦
33937, 296, 朱家角, 青浦
27595, 580, 朱家角, 青浦
28085, 132, 朱家角, 青浦
27316, 650, 朱家角, 青浦
26363, 580, 朱家角, 青浦
31284, 280, 朱家角, 青浦
27027, 810, 朱家角, 青浦
26818, 590, 朱家角, 青浦
27294, 620, 朱家角, 青浦
23937, 750, 朱家角, 青浦
20158, 410, 朱家角, 青浦
29182, 270, 朱家角, 青浦
32826, 300, 朱家角, 青浦
30639, 240, 朱家角, 青浦
22133, 450, 朱家角, 青浦
31389, 260, 朱家角, 青浦
18714, 265, 朱家角, 青浦
29565, 680, 朱家角, 青浦
29241, 840, 朱家角, 青浦
34406, 950, 朱家角, 青浦
29768, 800, 朱家角, 青浦
31258, 900, 朱家角, 青浦
13734, 79, 朱家角, 青浦
28177, 266, 朱家角, 青浦
21037, 200, 朱家角, 青浦
20250, 162, 奉城, 奉贤
19872, 125, 奉城, 奉贤
15869, 130, 奉城, 奉贤
23524, 163, 奉城, 奉贤
22835, 153, 奉城, 奉贤
14907, 110, 奉城, 奉贤
12322, 138, 奉城, 奉贤
19007, 180, 奉城, 奉贤
17613, 155, 奉城, 奉贤
15829, 145, 奉城, 奉贤
18723, 88, 奉城, 奉贤
19640, 142, 奉城, 奉贤
19612, 164, 奉城, 奉贤
14306, 136, 奉城, 奉贤
18532, 175, 奉城, 奉贤
14111, 127, 奉城, 奉贤
23888, 158, 奉城, 奉贤
15000, 186, 奉城, 奉贤
19740, 76, 奉城, 奉贤
14946, 85, 奉城, 奉贤
15456, 132, 奉城, 奉贤
15533, 160, 奉城, 奉贤
13986, 400, 奉城, 奉贤
20457, 185, 奉城, 奉贤
21014, 145, 奉城, 奉贤
17004, 135, 奉城, 奉贤
19507, 190, 奉城, 奉贤
19310, 168, 奉城, 奉贤
22123, 185, 奉城, 奉贤
18235, 155, 奉城, 奉贤
15100, 72, 海湾, 奉贤
16608, 105, 海湾, 奉贤
21645, 190, 海湾, 奉贤
26058, 620, 海湾, 奉贤
20204, 396, 海湾, 奉贤
16216, 180, 海湾, 奉贤
21637, 120, 海湾, 奉贤
21903, 110, 海湾, 奉贤
27692, 360, 海湾, 奉贤
23632, 780, 海湾, 奉贤
20129, 155, 海湾, 奉贤
22522, 140, 海湾, 奉贤
22620, 140, 海湾, 奉贤
21760, 135, 海湾, 奉贤
29614, 370, 海湾, 奉贤
21129, 180, 海湾, 奉贤
22400, 140, 海湾, 奉贤
20746, 180, 海湾, 奉贤
23428, 145, 海湾, 奉贤
32116, 440, 海湾, 奉贤
21812, 135, 海湾, 奉贤
23743, 170, 海湾, 奉贤
22201, 195, 海湾, 奉贤
20878, 115, 海湾, 奉贤
14052, 490, 海湾, 奉贤
22293, 180, 海湾, 奉贤
20041, 125, 海湾, 奉贤
20000, 146, 海湾, 奉贤
22690, 142, 海湾, 奉贤
16627, 700, 海湾, 奉贤
25413, 215, 南桥, 奉贤
25250, 202, 南桥, 奉贤
22466, 186, 南桥, 奉贤
29553, 160, 南桥, 奉贤
23866, 179, 南桥, 奉贤
24875, 199, 南桥, 奉贤
25263, 240, 南桥, 奉贤
26703, 156, 南桥, 奉贤
37293, 312, 南桥, 奉贤
21317, 190, 南桥, 奉贤
22529, 192, 南桥, 奉贤
28333, 187, 南桥, 奉贤
29869, 290, 南桥, 奉贤
25627, 235, 南桥, 奉贤
28636, 315, 南桥, 奉贤
26379, 142, 南桥, 奉贤
21181, 180, 南桥, 奉贤
22117, 188, 南桥, 奉贤
24598, 230, 南桥, 奉贤
27272, 270, 南桥, 奉贤
25987, 408, 南桥, 奉贤
30959, 163, 南桥, 奉贤
33412, 325, 南桥, 奉贤
32142, 360, 南桥, 奉贤
27669, 285, 南桥, 奉贤
19857, 198, 南桥, 奉贤
34299, 420, 南桥, 奉贤
43083, 280, 南桥, 奉贤
21863, 188, 南桥, 奉贤
27135, 216, 南桥, 奉贤
20766, 200, 青村, 奉贤
19587, 190, 青村, 奉贤
16170, 219, 青村, 奉贤
13615, 185, 青村, 奉贤
17391, 200, 青村, 奉贤
18806, 179, 青村, 奉贤
18905, 190, 青村, 奉贤
21938, 215, 青村, 奉贤
18078, 235, 青村, 奉贤
18122, 310, 青村, 奉贤
18001, 234, 青村, 奉贤
19924, 265, 青村, 奉贤
18903, 250, 青村, 奉贤
19233, 255, 青村, 奉贤
23481, 230, 青村, 奉贤
18799, 240, 青村, 奉贤
20422, 230, 青村, 奉贤
24090, 210, 青村, 奉贤
20075, 175, 青村, 奉贤
16731, 300, 青村, 奉贤
17233, 220, 青村, 奉贤
17226, 310, 青村, 奉贤
19971, 195, 青村, 奉贤
24421, 230, 青村, 奉贤
18226, 235, 青村, 奉贤
17317, 142, 青村, 奉贤
19751, 170, 青村, 奉贤
17767, 156, 青村, 奉贤
22448, 220, 青村, 奉贤
19567, 255, 青村, 奉贤
20619, 175, 四团, 奉贤
15271, 110, 四团, 奉贤
19075, 189, 四团, 奉贤
22171, 145, 四团, 奉贤
20454, 180, 四团, 奉贤
15913, 148, 四团, 奉贤
17785, 160, 四团, 奉贤
23134, 195, 四团, 奉贤
18899, 160, 四团, 奉贤
18787, 180, 四团, 奉贤
21757, 185, 四团, 奉贤
21798, 185, 四团, 奉贤
18824, 170, 四团, 奉贤
22164, 145, 四团, 奉贤
22840, 220, 四团, 奉贤
23761, 200, 四团, 奉贤
20289, 195, 四团, 奉贤
20410, 195, 四团, 奉贤
22727, 200, 四团, 奉贤
23080, 230, 四团, 奉贤
23685, 155, 四团, 奉贤
22844, 200, 四团, 奉贤
18309, 175, 四团, 奉贤
22988, 200, 四团, 奉贤
21629, 142, 四团, 奉贤
33333, 150, 西渡, 奉贤
34497, 160, 西渡, 奉贤
34232, 420, 西渡, 奉贤
27279, 193, 西渡, 奉贤
28645, 275, 西渡, 奉贤
24942, 325, 西渡, 奉贤
28448, 265, 西渡, 奉贤
26942, 215, 西渡, 奉贤
29914, 280, 西渡, 奉贤
28722, 287, 西渡, 奉贤
25588, 199, 西渡, 奉贤
30767, 285, 西渡, 奉贤
29245, 295, 西渡, 奉贤
35058, 145, 西渡, 奉贤
27260, 309, 西渡, 奉贤
34444, 155, 西渡, 奉贤
30722, 275, 西渡, 奉贤
28195, 225, 西渡, 奉贤
31975, 288, 西渡, 奉贤
33183, 148, 西渡, 奉贤
28985, 316, 西渡, 奉贤
25776, 220, 西渡, 奉贤
25879, 350, 西渡, 奉贤
26337, 320, 西渡, 奉贤
36580, 900, 西渡, 奉贤
30115, 200, 西渡, 奉贤
29591, 320, 西渡, 奉贤
32167, 230, 西渡, 奉贤
86724, 2500, 西渡, 奉贤
31418, 285, 西渡, 奉贤
18651, 138, 柘林, 奉贤
14800, 195, 柘林, 奉贤
16465, 176, 柘林, 奉贤
19305, 200, 柘林, 奉贤
17374, 180, 柘林, 奉贤
16074, 172, 柘林, 奉贤
18324, 135, 柘林, 奉贤
17864, 185, 柘林, 奉贤
14113, 180, 柘林, 奉贤
18540, 169, 柘林, 奉贤
16521, 175, 柘林, 奉贤
17130, 192, 柘林, 奉贤
15591, 155, 柘林, 奉贤
17583, 170, 柘林, 奉贤
16431, 175, 柘林, 奉贤
14151, 140, 柘林, 奉贤
13549, 170, 柘林, 奉贤
15929, 158, 柘林, 奉贤
16792, 165, 柘林, 奉贤
19782, 182, 柘林, 奉贤
16287, 215, 柘林, 奉贤
16400, 205, 柘林, 奉贤
13979, 155, 柘林, 奉贤
15267, 200, 柘林, 奉贤
19685, 180, 柘林, 奉贤
18339, 190, 柘林, 奉贤
14634, 180, 柘林, 奉贤
19021, 175, 柘林, 奉贤
14800, 185, 柘林, 奉贤
16753, 160, 柘林, 奉贤
14531, 120, 枫泾, 金山
19989, 260, 枫泾, 金山
20786, 185, 枫泾, 金山
20138, 180, 枫泾, 金山
11475, 140, 金山, 金山
22341, 200, 金山, 金山
22359, 199, 金山, 金山
20283, 63, 金山, 金山
16091, 140, 金山, 金山
17000, 170, 金山, 金山
12195, 150, 廊下, 金山
19090, 147, 石化, 金山
20931, 125, 石化, 金山
20839, 135, 石化, 金山
18418, 85, 石化, 金山
21153, 165, 石化, 金山
22631, 258, 石化, 金山
19517, 89, 石化, 金山
15909, 175, 石化, 金山
19480, 150, 亭林, 金山
13291, 107, 亭林, 金山
17525, 170, 亭林, 金山
20413, 215, 亭林, 金山
15040, 185, 亭林, 金山
14583, 290, 亭林, 金山
19853, 193, 亭林, 金山
17346, 170, 亭林, 金山
29904, 268, 朱泾, 金山
25216, 280, 朱泾, 金山
25335, 308, 朱泾, 金山
16713, 120, 朱泾, 金山
23186, 140, 朱泾, 金山
24078, 183, 朱泾, 金山
28313, 295, 朱泾, 金山
28042, 250, 张堰, 金山
22376, 210, 张堰, 金山
26385, 170, 张堰, 金山
